finger_mvmnt_thumb_x_median,finger_mvmnt_thumb_x_quartile_range,finger_mvmnt_thumb_x_mean,finger_mvmnt_thumb_x_min,finger_mvmnt_thumb_x_max,finger_mvmnt_thumb_x_stdev,finger_mvmnt_thumb_y_median,finger_mvmnt_thumb_y_quartile_range,finger_mvmnt_thumb_y_mean,finger_mvmnt_thumb_y_min,finger_mvmnt_thumb_y_max,finger_mvmnt_thumb_y_stdev,finger_mvmnt_thumb_dist_median,finger_mvmnt_thumb_dist_quartile_range,finger_mvmnt_thumb_dist_mean,finger_mvmnt_thumb_dist_min,finger_mvmnt_thumb_dist_max,finger_mvmnt_thumb_dist_stdev,finger_mvmnt_index_x_median,finger_mvmnt_index_x_quartile_range,finger_mvmnt_index_x_mean,finger_mvmnt_index_x_min,finger_mvmnt_index_x_max,finger_mvmnt_index_x_stdev,finger_mvmnt_index_y_median,finger_mvmnt_index_y_quartile_range,finger_mvmnt_index_y_mean,finger_mvmnt_index_y_min,finger_mvmnt_index_y_max,finger_mvmnt_index_y_stdev,finger_mvmnt_index_dist_median,finger_mvmnt_index_dist_quartile_range,finger_mvmnt_index_dist_mean,finger_mvmnt_index_dist_min,finger_mvmnt_index_dist_max,finger_mvmnt_index_dist_stdev,aperiodicity,periodEntropy,periodVarianceNorm,numInterruptions,numFreeze,maxFreezeDuration,period_median,period_quartile_range,period_mean,period_min,period_max,period_stdev,frequency_median,frequency_quartile_range,frequency_mean,frequency_min,frequency_max,frequency_stdev,frequency_lr_fitness_r2,frequency_lr_slope,frequency_fit_min_degree,num_peaks,num_interruptions_norm,num_freeze_norm,speed_median,speed_quartile_range,speed_mean,speed_min,speed_max,speed_stdev,acceleration_median,acceleration_quartile_range,acceleration_mean,acceleration_min,acceleration_max,acceleration_stdev,speed_norm_median,speed_norm_quartile_range,speed_norm_mean,speed_norm_min,speed_norm_max,speed_norm_stdev,acceleration_norm_median,acceleration_norm_quartile_range,acceleration_norm_mean,acceleration_norm_min,acceleration_norm_max,acceleration_norm_stdev,amplitude_median,amplitude_quartile_range,amplitude_mean,amplitude_min,amplitude_max,amplitude_stdev,amplitude_cv,amplitude_entropy,amplitude_norm_median,amplitude_norm_quartile_range,amplitude_norm_mean,amplitude_norm_min,amplitude_norm_max,amplitude_norm_stdev,amplitude_decrement_fitness_r2,amplitude_decrement_slope,amplitude_decrement_end_to_mean,amplitude_decrement_fit_min_degree,amplitude_decrement_last_to_first_half,A_early,A_late,R_A_3_3,D_A_pct,D_A_max,k_collapse,tilde_A_median,beta_tilde_A,CV_tilde_A,amplitude_MAD,amplitude_skew,amplitude_kurtosis,I_ITI,I_ITI_norm,ITI_MAD,ITI_skew,ITI_kurtosis,S_halt,F_halt,N_valid,C_10,T_10,F_incomplete,V_open_median,V_open_mean,V_open_std,V_close_median,V_close_mean,V_close_std,V_open_norm_median,V_open_norm_mean,V_open_norm_std,V_close_norm_median,V_close_norm_mean,V_close_norm_std,T_open_median,T_open_mean,T_open_std,T_close_median,T_close_mean,T_close_std,R_OC_median,R_OC_mean,R_OC_std,R_V_open,R_V_close,hand,filename,Rating1,Rating2,Rating
1.0,1.0,0.7861990950226244,0,5,0.9408956627299212,1.0,2.0,1.2171945701357465,0,7,1.448707741579889,1.0,2.23606797749979,1.6240662248354065,0.0,8.06225774829855,1.564007450298332,0.0,1.0,0.5576923076923077,0,4,0.6868658674043149,1.0,2.0,0.997737556561086,0,8,1.1602364963676723,1.0,2.0,1.2823769109253134,0.0,8.246211251235321,1.2165294272913922,1.473455908576407,1.427061043380725,0.0031998097260940756,0,0,0.0,0.7416666666666667,0.07916666666666672,0.7115740740740741,0.625,0.775,0.04979811781305503,1.348314606741573,0.15734989648033149,1.412502499452063,1.2903225806451613,1.6,0.10255827734138706,0.3725231978410932,-0.024243371031445565,1,10,0.0,0.0,180.9188901967434,832.44688258376,498.72024497563075,0.0,2873.7538604259926,586.7818812238845,6093.270768990433,13858.622333341646,11673.1536036686,4.61998321388819,86299.69604033839,13553.358916943745,0.9223997273086049,4.2441603342755565,2.54268317403757,0.0,14.651592071598648,2.9916580111781657,31.066027928992455,70.6570189947902,59.514590704964284,0.02355459538456728,439.9917333555319,69.1006591711328,178.8180101839311,10.784746588889107,177.7951190212865,163.27197517437133,186.6110853014464,7.251532527043475,0.04078589202538955,1.8343719702816248,0.9116885674688775,0.0549851223488379,0.9064734430091613,0.8324284170337611,0.9514209047360066,0.03697132797045475,0.316845599313926,-1.4211066275911086,0.9716685812921033,1,0.9697093933317916,186.50535828386055,172.7579310600741,0.9262893712530076,7.371062874699241,0.1250681870767415,,0.9587821595547441,-0.007619655760389383,0.04078589202538956,5.826383475329308,-0.47999491469864947,-0.769045242722822,0.05104166666666665,0.07173064411190629,0.033333333333333326,-0.45903996951726905,-1.2535362294372892,0.0,0.0,10,1,6.404166666666667,0.0,1836.0367688444057,1933.7636533882896,383.6326251526123,1538.7385841995297,1657.6490506003465,256.92289517994095,9.42459385029789,9.926237505103755,1.9692316304006146,7.898527112281342,8.508908597768992,1.318815602716724,0.38333333333333336,0.36435185185185187,0.0920050805241192,0.3,0.33749999999999997,0.0804597130997791,1.0,1.1008930064759888,0.27425414210524884,0.8198633133357521,1.0435992704368628,L,051331512_20200406_Hands_L_9-_L.mp4FT,1,0,0.5
0.0,1.0,0.2615476904619076,0,2,0.46339634972642696,0.0,1.0,0.3635272945410918,0,2,0.49332828942260154,0.0,1.0,0.5580804973876959,0.0,2.8284271247461903,0.5892490346044129,0.0,1.0,0.36052789442111577,0,4,0.570375819575685,1.0,1.0,0.8254349130173965,0,5,0.8435511958908124,1.0,1.4142135623730951,0.9967098912238312,0.0,5.385164807134504,0.9245538095026123,0.919074631799289,1.2798542258336676,0.0017049808429118786,0,0,0.0,0.65625,0.04583333333333339,0.6583333333333333,0.6083333333333333,0.725,0.03515837184954832,1.5241935483870968,0.10564816539037936,1.5233055866402345,1.3793103448275863,1.6438356164383563,0.08099008499338485,0.49596499220420387,-0.01985776614196141,1,11,0.0,0.0,111.56656368919357,321.5461351502252,219.31220897897938,0.0,1224.0772349855465,248.18397104659775,4226.002747235452,6911.562852090046,6880.102881967695,0.0,65031.339201285344,8440.866874488032,1.1749222801498131,3.386244998425574,2.3096059618373914,0.0,12.89091972049319,2.6136583176572787,44.504595458666664,72.78658512956139,72.45527601142471,0.0,684.8536587397858,88.8918886328936,68.08956962249395,23.957449949703346,68.4477923624749,43.621716280503406,88.85075605700827,14.537252292904599,0.21238453120475437,1.8937882323911372,0.7170602889423601,0.25229908308278115,0.7208327801309605,0.45938608003664066,0.935699097001458,0.15309373208513388,0.6105385871659654,-3.592021159771613,0.6372990972374752,1,0.7748762344937542,87.01889499943908,58.934699210221574,0.6772632450756984,32.273675492430165,0.5090450749511359,,0.7824687916679803,-0.041278634482715126,0.21238453120475437,11.876958002540789,-0.06567019270438873,-1.2951596154124365,0.03611111111111111,0.05485232067510548,0.025000000000000022,0.1767683573927847,-0.7748232546395664,0.0,0.0,11,1,5.858333333333333,0.0,612.0659676220527,638.5494615618304,147.96338500178183,913.0535497360034,931.6156871282187,209.999443108411,6.463095414374088,6.742747212208524,1.5624156964904063,9.641366327396716,9.837372757106737,2.2174839144351437,0.4791666666666667,0.42824074074074076,0.10667856157956887,0.19166666666666668,0.24398148148148147,0.11271603248008744,2.391304347826087,2.0451233732781318,0.8961877163687403,0.6717767687606333,0.6757791194938992,R,051331512_20200406_Hands_R_9-_L.mp4FT,2,1,1.5
0.0,1.0,0.47602441150828245,0,3,0.5710928596384058,0.0,1.0,0.36704446381865735,0,3,0.5367686267059762,1.0,1.0,0.7435275945571602,0.0,3.0,0.6501962840939396,1.0,2.0,1.3696599825632083,0,6,1.3997334929400804,1.0,1.0,0.8761987794245859,0,4,0.927361956102959,1.4142135623730951,1.8284271247461903,1.7598076147882675,0.0,6.708203932499369,1.5381885374422593,0.7451219193761418,1.2798542258336671,0.0028508597883597883,0,0,0.0,0.45208333333333334,0.05937500000000001,0.4570833333333333,0.4041666666666667,0.525,0.03868722513813687,2.2124044180118947,0.28702948530128003,2.2032787880402407,1.9047619047619047,2.4742268041237114,0.18352620947538265,0.43227178243271636,0.04200969843618758,1,11,0.0,0.0,155.59437996630976,721.614849460945,395.90758668938855,0.08449997315665314,1478.8014321190246,437.9095338710042,7599.92194876603,15966.872416523518,12510.760151509425,23.46871018780803,67349.88698718972,12816.737637198496,1.570111011785571,7.281853121250102,3.995124127523568,0.0008526936408426167,14.922662459384151,4.418967969444926,76.69120917511594,161.12254318174996,126.2467338726939,0.23682397979903902,679.6312259093146,129.33436865579412,85.59035917313996,6.567569092354887,88.02164141609602,82.85015030959426,95.30860765342739,4.199681843126406,0.04771192374468075,1.893788232391138,0.8636967830684532,0.0662736826021737,0.8882309791187907,0.8360451923607604,0.9617641358704757,0.04237920874337885,0.021508733627930043,-0.19477078346141732,0.9613032845920805,1,0.9944374022541872,85.06137086378543,84.6154930084794,0.9947581628325737,0.5241837167426322,0.13071702179446443,,1.0062189017644876,-0.0022897677463170796,0.04771192374468076,2.7402088635457034,0.5050469501601387,-1.248441993302626,0.03657407407407408,0.08001620581383573,0.03125,0.28248463241553246,-1.180465673517621,0.0,0.0,11,1,4.158333333333333,0.0,1357.511268945808,1282.0064456467906,161.85200557485342,1170.8405513755815,1229.5221559146198,169.4419795680251,13.904583671692162,13.13121025137956,1.6578018948560016,11.992571100683701,12.593629301059332,1.7355437382338303,0.2375,0.23749999999999996,0.06972166887783963,0.23333333333333334,0.2296296296296296,0.07933569782415442,0.9827586206896551,1.1570783803172775,0.5376612554323105,0.7980271581529197,0.9512628216987072,L,161568408_20200601_Hands_L_13_R.mp4FT,2,3,2.5
1.0,1.0,0.8329741379310345,0,4,0.8034884820023643,0.0,1.0,0.5032327586206896,0,2,0.5666658970918161,1.0,0.41421356237309515,1.1560991651970336,0.0,4.0,0.759755107701816,1.0,3.0,1.4989224137931034,0,7,1.5825009268987975,1.0,2.0,1.5043103448275863,0,6,1.3398656804385738,1.7071067811865475,2.605551275463989,2.2820721768989203,0.0,8.602325267042627,1.8977391340232026,0.8357756596691295,1.2798542258336674,0.00458974358974359,0,0,0.0,0.33958333333333335,0.08541666666666664,0.355,0.30833333333333335,0.43333333333333335,0.04459696053419884,2.9457831325301207,0.6785816869621888,2.859498494999451,2.3076923076923075,3.243243243243243,0.3401499558238694,0.7665373022522274,0.10368360564455918,1,11,0.0,0.0,306.4400939645219,1021.1579621557712,575.1523663146628,0.5213129917336801,2421.208670454207,592.8852294957959,14269.998931102145,26094.751100848953,19395.547154585995,8.114870634835825,116713.32936623349,18761.624150251802,2.590389567077737,8.632019711535904,4.861859523362699,0.004406746250132376,20.466883424167232,5.011758393267569,120.62669696745623,220.58331249224995,163.953816705266,0.06859636400622371,986.5973698735411,158.59515911084574,104.07269918372299,11.948974256945007,103.03021170013358,87.43695271099693,117.89686926576628,8.631837298859066,0.08377967157809767,2.09827373952525,0.8797440005169384,0.10100668568537319,0.8709316787793925,0.7391192423595125,0.996602031366449,0.07296637001509877,0.4762619209829072,-1.8837626225989315,0.9042567876204063,1,0.9410985200879751,106.16926144535282,93.16576825981319,0.8775211110210769,12.247888897892311,0.25836069052949817,,0.9802526434385251,-0.017743013344484273,0.08377967157809768,6.586962521138062,-0.15761243409007916,-0.7775169858373681,0.026388888888888892,0.07433489827856027,0.029166666666666674,0.5249335305302256,-1.2923049276707959,0.0,0.0,11,1,3.2375,0.0,1536.2545633901107,1529.777695142614,149.72997315834075,1805.398743847004,1854.9386866635525,333.329370610546,13.030494982246259,12.975558254173386,1.2700080510264904,15.313373078442192,15.733570350219395,2.8272962012175746,0.21666666666666667,0.21574074074074076,0.019718092073191532,0.13333333333333333,0.13657407407407407,0.03907582934446147,1.6875,1.684964596949891,0.4032814926056966,1.0068572611903048,0.9032761598376252,R,161568408_20200601_Hands_R_13_L.mp4FT,1,3,2.0
0.0,1.0,0.36847014925373134,0,2,0.5302898839778404,1.0,1.0,0.5904850746268657,0,3,0.6208616332869031,1.0,1.0,0.8403846195513939,0.0,3.1622776601683795,0.666988076510018,0.0,1.0,0.7527985074626866,0,6,1.044482484723078,1.0,1.0,0.9319029850746269,0,5,0.9060477349736,1.0,1.0,1.349984431847204,0.0,7.0710678118654755,1.23472950849298,0.6451650783295292,1.2798542258336678,0.0035087535014005607,0,0,0.0,0.42291666666666666,0.08124999999999999,0.4304166666666666,0.38333333333333336,0.49583333333333335,0.04171039372200225,2.365967365967366,0.4354296155816111,2.3446547224690435,2.0168067226890756,2.608695652173913,0.22046744285928183,0.25688891673371694,0.03890363431236446,1,11,0.0,0.0,97.42880240800048,442.0942145758636,289.22069279984305,0.31844198326268724,1746.7702085013009,352.4391575297878,6480.437530841448,13158.641440706277,11292.511840961593,29.634851735272605,80476.37653057832,12874.437546246982,1.1557497196586741,5.244345121056532,3.4308821042786355,0.003777519827667941,20.721071478732817,4.180811499724905,76.87422686538865,156.09445852058025,133.95748558808086,0.35154359633864374,954.6514717984925,152.72308821499266,59.022409177771046,7.376971891402555,61.591679858579816,46.71183285868157,79.60159107174778,9.051109837973,0.14695344986133166,1.7677614722893296,0.700153662724148,0.08750937078867715,0.7306316507079987,0.5541193815057215,0.9442743243450029,0.10736884164941991,0.2421607451569019,-1.408489803649327,0.9193890572339672,1,0.8910537789425559,75.3953362141242,58.177188649853036,0.7716284795737061,22.837152042629395,0.4131796584746841,,0.7828389943132062,-0.018681391640050345,0.1469534498613317,4.926924759413588,0.5155926201431514,-0.29684692777012245,0.047685185185185185,0.11078842637409918,0.033333333333333326,0.3751018091933708,-1.4494951879368845,0.0,0.0,11,1,3.8916666666666666,0.0,850.1463303849278,851.6139009036222,137.940680800303,1249.1909430663202,1225.446302710579,268.8591437027114,10.20104526593513,10.21865488531133,1.655172855031531,14.98924702791571,14.70433119350566,3.226084965667154,0.2875,0.26990740740740743,0.06021366847366336,0.15,0.15833333333333333,0.063979404479339,1.9166666666666665,1.924603181020134,0.6762099147169642,1.0962789236029513,1.3013409969474674,L,161568408_20210208_Hands_L_R.mp4FT,2,3,2.5
0.0,1.0,0.5856890459363958,0,3,0.6782122639992726,0.0,1.0,0.3083038869257951,0,2,0.4768509996326066,1.0,1.0,0.8018306689267651,0.0,3.1622776601683795,0.6946288753582956,1.0,3.0,1.8560070671378093,0,9,2.086370280402432,1.0,2.0,1.3992932862190812,0,7,1.3863033421246664,1.4142135623730951,3.1231056256176606,2.493141706755769,0.0,10.816653826391969,2.3370507627115766,1.171062848883047,1.0888999753452235,0.003896640826873385,0,0,0.0,0.45208333333333334,0.043749999999999956,0.44833333333333336,0.35,0.5375,0.045765100725819935,2.2120285423037718,0.21852396749758585,2.2553237833605104,1.8604651162790697,2.857142857142857,0.24661696397034602,0.1680379992683887,0.03519651986057724,1,11,0.0,0.0,304.8984681431398,1000.1967042474695,619.0080543965206,0.02555788670747461,2382.078178726487,656.5259470362566,10639.219965418817,23203.622054313793,18726.010730285543,4.002068081399557,107338.22514984649,20497.19937525404,1.8859162034361794,6.186607570223049,3.8288067728036013,0.0001580855192900854,14.734084636341871,4.060869603682894,65.80773411851084,143.5234721812211,115.82769594429563,0.024754355402412664,663.9288786558952,126.78319003133082,144.1362648591528,19.661678038863442,137.29554477845556,110.41227550389998,156.9950242919616,14.599304884166601,0.10633487712747344,1.720193459219825,0.8915391377861206,0.12161516397920946,0.8492266102029989,0.682943081673035,0.9710755910786214,0.09030240724931671,0.03841360731033627,-0.9048461116210771,1.0529950854440575,1,0.918804021864651,144.1362648591528,144.57153390507824,1.0030198440784543,-0.3019844078454348,0.29671480990016796,,1.0,-0.0062777130551098575,0.1063348771274735,3.964803444595674,-0.701806817264734,-0.7841872131573546,0.045833333333333316,0.10223048327137542,0.02291666666666664,-0.2663779923243927,0.6317009987405822,0.0,0.0,11,1,4.0625,0.0,1794.520003773448,1754.9419294392696,339.39939194701475,2100.7277022037533,2067.1552982245767,226.14476066300617,11.120877013520799,10.875606469767112,2.1033027708634005,13.018486484396664,12.810433871488712,1.4014488917911714,0.30833333333333335,0.29259259259259257,0.03451481262891815,0.14583333333333334,0.15601851851851853,0.03753142259168749,1.6969696969696968,1.956404248916564,0.4166722155872953,1.1133023208868047,1.0480986631838267,R,161568408_20210208_Hands_R_L.mp4FT,1,2,1.5
1.0,1.0,0.9623601220752798,0,5,0.9131164284577379,0.0,1.0,0.3550356052899288,0,2,0.503388895604097,1.0,0.41421356237309515,1.1622111334249017,0.0,5.0,0.8880509890003316,1.0,2.0,1.4649033570701933,0,8,1.6691013919414228,1.0,2.0,1.2054933875890133,0,8,1.3329269057301485,1.4142135623730951,1.914213562373095,2.048456471334404,0.0,10.0,1.9913753615842251,0.9958657596145224,1.4184836619456562,0.007362500000000001,0,0,0.0,0.40625,0.0854166666666667,0.3975,0.3,0.5,0.06067330549755799,2.462121212121212,0.5603328710124829,2.5768504671355847,2.0,3.3333333333333335,0.40471952018191293,0.589382210910293,0.10817469740570729,1,11,0.0,0.0,81.23653044171235,828.6442836442312,494.2862227518218,0.09607052683662687,2671.8102519283834,647.8750534563388,7086.5817352883205,35345.78163227263,21366.35678536859,7.65264461786046,123423.88798879248,25811.79927381601,0.6024278722692407,6.144999176473192,3.6654913232419837,0.0007124327289117528,19.813413453584605,4.804464048720836,52.55215028557794,262.11464111827314,158.4470531467436,0.05674991766962956,915.2777675756895,191.41323775666095,88.86430198696704,31.48156773221035,95.14877820417335,64.16565850758182,130.84554479967684,20.957775553359557,0.2202632125069192,2.019814992492946,0.6589933380415721,0.23345868861574803,0.7055972933714305,0.47583495894390176,0.9703147428992712,0.1554171265741784,0.12950952376336133,-2.3850420379461297,0.7696949299312033,1,0.8796981026863832,104.04167743223512,85.42322685426349,0.8210481507269212,17.895184927307884,0.5096076170891506,,0.8541221573906911,-0.02292390988697358,0.22026321250691913,15.628769814066231,0.2777705123336384,-1.1858838818479231,0.06481481481481481,0.1630561378989052,0.05625000000000002,0.020885852894710143,-1.0870285656879721,0.0,0.0,11,1,3.675,0.0,1569.518608793818,1656.7451887750676,313.5343522526777,2027.4375382240078,2188.5227428863254,398.75858704783917,11.712267412031672,12.363181026214614,2.339697124880601,15.12941004702046,16.33148116778075,2.9756685764544066,0.16666666666666666,0.19907407407407407,0.06513808272948725,0.225,0.21620370370370373,0.03200142529404714,0.8730158730158729,0.9147674675563855,0.23280805018635173,0.9959234956848747,0.7430941046473536,L,207795468_20200810_Hands_L_L.mp4FT,1,3,2.0
0.0,1.0,0.5133256083429896,0,3,0.5892005655917951,1.0,1.0,0.6152954808806489,0,3,0.6496974067508579,1.0,1.4142135623730951,0.9577639679090749,0.0,3.1622776601683795,0.7028825773771852,1.0,2.0,1.048667439165701,0,6,1.223540806875386,1.0,1.0,1.302433371958285,0,7,1.142289831943249,1.4142135623730951,1.2360679774997898,1.8445316130591825,0.0,8.602325267042627,1.4817615803605095,0.6075047024409195,1.6957425341696346,0.010776179941002948,0,0,0.0,0.3416666666666667,0.10729166666666667,0.3395833333333333,0.23333333333333334,0.4708333333333333,0.07123050415532815,2.930752047654505,0.9508571589748342,3.0789230024330565,2.1238938053097347,4.285714285714286,0.6530846520446875,0.7874351642533268,0.20176689278247736,1,11,0.0,0.0,143.11857905729283,647.6624753292547,377.9801418580725,0.4264057899774798,1963.1574012528654,431.0972908747382,9239.77467554192,23569.489163504855,15917.07942641472,4.060500191008032,87180.53232266413,16755.73856907038,1.6729058902557497,7.57049418050882,4.418190914688605,0.004984235885998611,22.94724837046058,5.039074604625189,108.00326261737396,275.5025763368038,186.05394284594092,0.047462983015833515,1019.0488684200282,195.85698748841065,70.54239246311055,15.93335763298731,63.93003512541855,25.20779204025365,84.58558300482446,15.322205720201822,0.2396714735122947,1.8462202193216335,0.824566486347163,0.18624421798588053,0.7472749731728144,0.2946526164684804,0.9887166360339653,0.17910049393918895,0.5120073731476419,-3.4670443452235142,0.9330542537028679,1,0.7431414863965167,71.68432920686149,54.3144098193731,0.7576887503911276,24.23112496088724,0.7019847692151523,9.0,0.9840699249559045,-0.048365443097313,0.2396714735122947,5.2462133500312405,-1.2239244510134348,1.1228805500321242,0.033796296296296297,0.09952283571915475,0.060416666666666674,0.24979446191839558,-0.945454465625756,0.0,0.0,11,1,3.1041666666666665,0.0,1111.5780622171178,1091.0656556883384,106.76750825837506,1596.2124348563032,1412.1354540218385,299.6744653062315,13.01069734369446,12.770605601865318,1.2496825758862344,18.68320147011008,16.528634042968406,3.5076023018627023,0.16666666666666666,0.15462962962962962,0.03955015395217323,0.17916666666666667,0.1819444444444444,0.04015786748555822,0.8620689655172414,0.8494776270912138,0.09131591332269409,1.0972741681274913,0.6631523418003544,R,207795468_20200810_Hands_R_L.mp4FT,1,3,2.0
1.0,1.0,1.021119324181626,0,6,1.141322161421764,1.0,2.0,1.1362196409714889,0,6,1.201647789075989,1.4142135623730951,1.2360679774997898,1.6540705801158753,0.0,7.211102550927978,1.5311119971724183,1.0,2.0,1.2133051742344245,0,8,1.685052101822065,1.0,3.0,2.126715945089757,0,10,2.253424962555498,1.4142135623730951,3.1231056256176606,2.615500349207341,0.0,11.661903789690601,2.659231604795364,1.3655273013831208,1.2798542258336674,0.0027739273927392745,0,0,0.0,0.3625,0.052083333333333315,0.36916666666666664,0.31666666666666665,0.42083333333333334,0.03416666666666667,2.7589852008456663,0.38555598148621417,2.7319363660802396,2.376237623762376,3.1578947368421053,0.25087473464038973,0.7448848933852195,0.07538319409434308,1,11,0.0,0.0,489.9455714706994,1350.8600057477663,873.918283180838,0.30251806739443055,3882.923487013992,966.069445624744,15763.159116502378,43697.99921642538,31551.786844462564,8.011561063813133,179459.7262999276,37220.744175849686,2.7105040007890513,7.473302471322021,4.834739082984095,0.0016736071917580753,21.481324169777995,5.344542842882978,87.20582109172155,241.74848921903182,174.55254104500844,0.04432200142581166,992.8170279329747,205.9146604757506,160.96395706128112,12.597321209724953,160.9931524038412,140.82920268659328,179.42455012183984,11.52225134340879,0.07156982251335725,1.8462202193216324,0.8904937099192308,0.06969159744762865,0.890655226008816,0.7791031076454429,0.9926224243341454,0.06374403644604507,0.7496656684482573,-3.154795086812441,0.8747527493177603,1,0.9065132362662975,178.5961802542438,147.33392120452632,0.8249556121233191,17.504438787668086,0.21510627954222572,,0.9012732345794742,-0.017664404033285428,0.07156982251335725,5.806752919464856,-0.010686092542040624,-0.7804259648082112,0.023611111111111107,0.06395786305492851,0.02708333333333332,0.20340679908881382,-1.1328332438589102,0.0,0.0,11,1,3.375,0.0,1954.4353040361143,2037.7095342129246,295.37928922391285,3727.2335867924494,3680.8040559270157,172.30035983407987,10.826225020010408,11.28750688101676,1.6361977522535205,20.646306086174715,20.389118474139327,0.9544252821980564,0.24583333333333332,0.2314814814814815,0.03788949530668542,0.15416666666666667,0.14166666666666666,0.04285346839039309,1.6578947368421053,1.8156420114787168,0.6775991977386603,0.7036068831940484,0.9189469783025618,L,281628421_20200323_Hands_L_10-_R.mp4FT,1,1,1.0
1.0,2.0,1.3882488479262673,0,7,1.3863056940102412,1.0,1.0,0.9550691244239631,0,8,1.1067699588286595,1.4142135623730951,2.0,1.8981418828328203,0.0,8.54400374531753,1.5437721683730565,1.0,3.0,1.9158986175115207,0,11,2.3027884817249085,2.0,2.25,2.3237327188940093,0,13,2.2278172000745275,2.23606797749979,4.0,3.211786566939453,0.0,14.7648230602334,3.0034700894767035,1.9146140480241078,1.609437912434101,0.014518207282913162,0,0,0.0,0.29583333333333334,0.11562500000000003,0.335,0.25833333333333336,0.49583333333333335,0.08484462924140283,3.3863275039745626,1.0966900367673564,3.1531360604817653,2.0168067226890756,3.8709677419354835,0.6710361796019019,0.8286600360806562,0.21267045451411962,1,11,0.0,0.0,387.6368029292985,1652.9085464439568,924.2119993500979,0.0,3943.5746998784175,1051.341270386721,24088.161452692068,53174.823750452015,36600.91866267358,49.30286129293222,174144.6599411985,40264.05310757072,2.127888205892301,9.073453745407592,5.073356807970327,0.0,21.647805444461508,5.771218503295099,132.22922660974314,291.8971559303253,200.91658624408618,0.27064245775736406,955.947333193714,221.02494675833825,150.2923301759684,32.137099593986534,154.44638067729477,134.78913140549577,179.0571280599956,17.06406242199398,0.11048534997817903,1.4681399390162087,0.8250126778489687,0.17641295842103666,0.8478158663018093,0.7399096288917996,0.9829137690244134,0.09367123270540842,0.704200729432461,-4.5282528218684766,0.9237475409680351,1,0.8402405123083194,177.5383430290332,136.14867865522612,0.7668691525016738,23.313084749832626,0.24722834066492572,,0.8465344872087197,-0.025505773821083582,0.11048534997817899,12.855162340054108,0.29432167380052404,-1.5439327929056312,0.03842592592592593,0.11470425649530129,0.03125,0.8960551605386516,-0.8058333934210853,0.0,0.0,11,1,3.0833333333333335,0.0,2359.6856318790165,2377.6446071673863,139.30287846654142,3467.835945982231,3530.1820350027483,314.1684627677139,12.93683291079175,13.03529190016555,0.763719555845638,19.012199586724325,19.35400822657163,1.7224094827537588,0.18333333333333332,0.19398148148148148,0.056829528733545,0.13333333333333333,0.13472222222222224,0.06761478580354492,1.34,1.680159339447862,0.6834760923863745,1.0511961356461126,0.8915416281675442,R,281628421_20200323_Hands_R_10-_L.mp4FT,2,0,1.0
1.0,1.0,0.7753036437246964,0,4,0.8874504085516809,1.0,2.0,1.04251012145749,0,5,1.0695521854626453,1.0,1.2360679774997898,1.4286655529797128,0.0,5.656854249492381,1.2563231813947153,0.0,1.0,0.7651821862348178,0,8,1.3107783743124772,1.0,3.0,2.0030364372469633,0,12,2.313267246763251,1.0,2.1622776601683795,2.2713408241582553,0.0,13.416407864998739,2.5510811255416974,1.3566362428945051,1.0296530140645737,0.001560897435897436,0,0,0.0,0.39166666666666666,0.027083333333333348,0.3883333333333333,0.3416666666666667,0.43333333333333335,0.026007477557212062,2.5534804753820035,0.17684764907660844,2.5870212184995998,2.3076923076923075,2.926829268292683,0.1784280908419385,0.15252577223704245,0.02426095378776056,1,11,0.0,0.0,320.36585942637316,1134.7568441489939,720.9879188555195,0.025242152100588555,3627.0253398568334,854.4074546565129,12011.452105445824,36997.48271804565,27395.781988192564,14.329782458821683,173835.1786511651,33774.986869618915,2.07093648819928,7.335392597668845,4.660671993520967,0.00016317248635350223,23.446128539983373,5.5231340093662915,77.64545974394998,239.16230359100845,177.09416553838528,0.0926318098158685,1123.7202835718458,218.3311693136925,143.16322227596993,9.059079745339915,141.4156960650121,125.05727922512992,150.24062006842368,7.730919947981632,0.0546680472047993,1.5941666991180155,0.9254479903394042,0.05856048090680932,0.9141514814016628,0.808405999084838,0.9711983126619428,0.04997487633760331,0.3318193233725658,-1.4082573058258305,0.9398348406614873,1,0.9753020204172654,149.56081994183955,132.90739817829396,0.8886511736829091,11.134882631709086,0.16762005396293345,,0.957224106765679,-0.009415950690651993,0.05466804720479931,6.18705262147256,-0.8035042030571597,-0.4655658298089076,0.024074074074074074,0.061993323795898905,0.016666666666666663,-0.29765566782039665,-0.5168318793771536,0.0,0.0,11,1,3.533333333333333,0.0,1962.2439981189564,1871.9403859430552,313.8886444784091,3288.23196848343,3363.2811340352764,221.31778201517366,12.707577116412011,12.122767012920356,2.032756456128351,21.294732640900307,21.78075428738601,1.4332635415815334,0.225,0.2310185185185185,0.043395215390557365,0.17916666666666667,0.16342592592592595,0.02951366194538746,1.2820512820512822,1.443996467741878,0.2707467162468253,0.7322845219875728,1.0634405752601894,L,281628421_20201130_Hands_L_R.mp4FT,2,1,1.5
1.0,1.0,0.7114914425427873,0,3,0.7595455954322043,1.0,1.0,0.7286063569682152,0,3,0.7348723848820818,1.0,0.41421356237309515,1.1803194139105289,0.0,3.605551275463989,0.8722845355586425,0.0,2.0,1.1112469437652812,0,7,1.541153684695356,2.0,2.0,2.3080684596577017,0,10,2.1992349047935784,2.0,3.1231056256176606,2.6991952731773794,0.0,11.180339887498949,2.5471912978933755,1.0057406654056353,1.220607264553017,0.0022012310606060598,0,0,0.0,0.325,0.044791666666666674,0.32458333333333333,0.2791666666666667,0.36666666666666664,0.028409823222884635,3.0769230769230766,0.42755421877211486,3.104801784729603,2.7272727272727275,3.582089552238806,0.27431385069127845,0.5258218276865074,0.06925323536492099,1,11,0.0,0.0,278.36791680246733,1121.6424639490906,676.9192718856525,0.5398127557123189,2807.7882612488374,772.2743620006231,18882.97708392429,41849.97975733601,29966.40642057697,1.1814727798082458,143688.9653103908,30460.176646399694,2.34724925445136,9.457894672300675,5.707907270739311,0.004551800016865393,23.67578483389078,6.5119588538078235,159.22472097787656,352.8866936699415,252.68222695074041,0.009962394852769396,1211.6116705253658,256.8457879233764,108.99754324199523,7.061928456032945,109.32728409713151,101.10403713910334,115.81784878664484,4.882215493764181,0.04465688079680632,1.8937882323911381,0.9190872462984071,0.059547474054543414,0.9218676815772688,0.8525277572313966,0.9765973117136304,0.0411677351666243,0.021992051014474545,-0.2289548310395644,0.9318822257184078,1,1.0061515476319904,113.60841491535695,107.7243868059858,0.9482078144144956,5.179218558550436,0.12704269507411348,,0.9594143472840722,-0.002015298173204318,0.04465688079680632,4.610871673361714,-0.28604697608462926,-1.1359947999609625,0.0375,0.11553273427471117,0.029166666666666674,0.007722752099473228,-1.145443749863799,0.0,0.0,11,1,2.966666666666667,0.0,2067.1671701242826,2044.2625162530082,79.07157552446246,2648.7099851038524,2650.239099668622,139.05047559447544,17.53499588743486,17.340704386853524,0.6707342162129464,22.468003249592687,22.480974149088468,1.1795125004565528,0.14583333333333334,0.14907407407407408,0.024118548662279825,0.18333333333333332,0.16620370370370371,0.04691256496627186,0.8222222222222223,1.0226206509539844,0.4670141248099083,0.9387812838258102,1.051641589690897,R,281628421_20201130_Hands_R_L.mp4FT,2,0,1.0
1.0,1.0,0.7605202754399388,0,4,0.8632791198241337,0.0,1.0,0.5508798775822494,0,3,0.6376161178979076,1.0,0.41421356237309515,1.1366018168360497,0.0,4.123105625617661,0.8612788116358112,0.0,1.0,0.6993114001530222,0,5,1.0037532397861193,1.0,2.0,1.4254016832440703,0,8,1.5037511535626777,1.0,2.23606797749979,1.6949933554013465,0.0,8.94427190999916,1.7078032721442211,0.7582156022423184,1.557113098057646,0.0028777777777777773,0,0,0.0,0.5166666666666666,0.06041666666666656,0.5108333333333334,0.4375,0.5625,0.0402336923485777,1.935609756097561,0.23448735495363193,1.970258140915515,1.7777777777777777,2.2857142857142856,0.16134647205248007,0.378946211264213,0.03457970500852045,1,11,0.0,0.0,152.30938535117446,580.2461691627177,388.866490112686,0.13871963826886713,2044.5662773522167,463.51837876200676,6657.092857515989,14067.48799543493,12176.706051164805,3.500945595351368,78117.53771989542,13352.878090763516,1.2229650332666298,4.659074514264204,3.1223953725532305,0.0011138464424931271,16.41680228459129,3.7218111555985955,53.452988265823635,112.95460148202889,97.77260729275052,0.028110769654432488,627.2431399814784,107.21665615565283,97.60069386932989,11.884149824681003,99.32636182964116,84.98394805151577,113.76686447039997,8.431534694072974,0.08488717938279322,2.1458417525947544,0.7836827359623352,0.09542353317345598,0.7975389508608672,0.6823768385402987,0.9134886656583087,0.06770083198649116,0.5157118448416251,-1.9147416512742628,0.9771056173330464,1,0.9071201084415227,109.46642628257719,97.05234609299706,0.886594633522297,11.340536647770305,0.25299911844167056,,0.8916039116631337,-0.0174915882092609,0.08488717938279321,7.01071791225003,0.02082669540735547,-0.981717992267781,0.04444444444444443,0.08700380641653069,0.03749999999999998,-0.38191182486054265,-0.9872652575355265,0.0,0.0,11,1,4.670833333333333,0.0,1040.952451148288,1038.9938489094488,156.7320115956892,1851.476769944661,1772.9072406047244,153.0673066861194,8.398402890587771,8.382600890519438,1.2645136459219117,14.937711938145261,14.303813087537103,1.234946811940464,0.30416666666666664,0.3222222222222222,0.034359213546813844,0.2125,0.20092592592592592,0.026627414526941492,1.6862745098039216,1.6276113781128678,0.23805070747290502,0.7506991417378244,0.8464353959017963,L,292801541_20201221_Hands_L_R.mp4FT,1,1,1.0
0.0,1.0,0.6149974836436839,0,5,0.9019559004714578,0.0,1.0,0.39305485656768996,0,3,0.5969323344296122,1.0,1.4142135623730951,0.8449627398602408,0.0,5.385164807134504,0.9942860009525684,0.0,0.0,0.2954202315047811,0,3,0.5511521190492767,0.0,1.0,0.6155007549068948,0,6,0.9476064665645869,0.0,1.0,0.7705058768452813,0.0,6.324555320336759,1.0364177053812376,0.5774259904453135,1.5047882836811908,0.010989583333333332,0,0,0.0,0.775,0.18125000000000013,0.7875,0.675,0.9333333333333333,0.10127657401612894,1.2999417588817703,0.29939458966756294,1.2909283866089667,1.0714285714285714,1.4814814814814814,0.16422268369367127,0.11434673598066436,0.019333837178979164,1,11,0.0,0.0,43.95541267144267,301.75516652354486,248.12675629218967,0.0,1648.348692298659,381.00023179796835,3865.5051916810066,8893.993796735362,8078.190303798849,0.0,76264.12312404846,10247.33270135657,0.3955068203815193,2.7151656460948486,2.2326220701475106,0.0,14.831692175071618,3.428205562973529,34.78146545814257,80.02735029093145,72.6868243821097,0.0,686.2176695152446,92.2045711275562,92.07978214651517,11.518737675686396,94.6171232443512,82.84284978137939,109.9652115295622,8.429165244654525,0.08908710131554079,2.0198149924929454,0.8285255363294958,0.10364455788352478,0.8513563016172593,0.7454124558740481,0.9894570093046757,0.07584486509780089,0.7062600249862467,-2.2400972893103415,0.8830760286432409,1,0.882739438448978,104.96119498168926,86.75339959539181,0.8265283146835948,17.347168531640524,0.24664492861809706,,0.8772745219085846,-0.021342147349800382,0.08908710131554079,7.489291782629934,0.23232359188299637,-1.0602612027373337,0.11620370370370368,0.14756025867136977,0.09791666666666665,0.1231319213556093,-1.768567825593884,0.0,0.0,11,1,7.0,0.0,1070.8824378930353,1105.261407629828,117.6102721171751,1564.4439294873018,1538.9761116224852,113.7452590818871,9.69749818844365,10.0088208742457,1.0650332477602842,14.167000629848914,13.936373897288437,1.0300331809165695,0.3625,0.36851851851851847,0.06057565642146714,0.375,0.3972222222222222,0.04910463758239913,0.8777777777777778,0.9505065108695356,0.23403442670142027,0.9472039361022867,0.8924581465473694,R,292801541_20201221_Hands_R_L.mp4FT,1,1,1.0
0.0,1.0,0.8167974157821873,0,5,1.087383827118246,1.0,1.0,0.9856945085371481,0,7,1.3685363713159084,1.0,2.0,1.416403839905919,0.0,8.06225774829855,1.6394655324163896,0.0,1.0,0.4416243654822335,0,5,0.7823519149316286,0.0,1.0,1.1398246423627134,0,10,1.8507576035602766,1.0,1.4142135623730951,1.3434480131833149,0.0,10.198039027185569,1.9304812760894736,1.2618398019227817,1.4708084763221119,0.0023333333333333327,0,0,0.0,0.85625,0.055208333333333304,0.8508333333333333,0.7791666666666667,0.9416666666666667,0.04687453703475077,1.1679454390451833,0.07671290119204466,1.1788902312509566,1.0619469026548674,1.2834224598930482,0.06497101696505252,0.005363492711279894,0.0016565957306441876,1,11,0.0,0.0,68.93439771093071,465.0885852806045,447.4318901898501,0.0,2946.9838058106193,725.7597161459151,4478.9133620055,11587.342711048139,13837.048376945919,0.0,127151.46790885995,21837.49243966986,0.3499727868940392,2.36120650572449,2.271565296205815,0.0,14.961531103470268,3.684606798772705,22.738978559458218,58.82773703611389,70.24925934906992,0.0,645.5348136692686,110.86668400203408,187.54848751155401,7.420244663295136,186.80493303708366,179.4867986550036,193.87352672633216,4.468161176030469,0.023918860724858212,1.6417347121875165,0.9521642174552363,0.03767181248378537,0.9483892685142282,0.9112358593366883,0.9842757854781023,0.022684390826541986,0.15632726954377563,0.5586582310446502,1.0186450872686692,1,1.0196947623279538,182.30386015069195,190.287927315778,1.0437953818338594,-4.379538183385945,0.0742067693008781,,1.028768602905758,0.003064434458945971,0.023918860724858198,3.4018235036595286,-0.1110928020272929,-1.3150169564395064,0.07037037037037037,0.08270758515616498,0.027083333333333348,0.10988730528679384,-0.5301749214056364,0.0,0.0,11,1,7.670833333333333,0.0,2713.934332409708,2702.9804289317244,112.34593245954244,2465.361514994719,2471.0807879716604,250.02035592510714,13.865297479659125,13.809334765870522,0.573967378495173,12.595356634865128,12.62457599372937,1.2773362160881243,0.4125,0.41944444444444445,0.06015668841029918,0.43333333333333335,0.42824074074074076,0.061825926036861774,0.9684210526315791,1.016371487674813,0.30240496889566126,0.959063167006069,1.0336234568644032,L,403773045_20200427_Hands_L_13_R.mp4FT,1,0,0.5
1.0,2.0,1.3504736129905277,0,7,1.5642432723855937,1.0,2.0,1.3910690121786198,0,9,1.43980765492965,1.4142135623730951,2.1622776601683795,2.1970464648026264,0.0,9.899494936611665,1.8578864082400683,0.0,1.0,0.9742895805142084,0,11,1.6835233938474463,1.0,2.0,1.7219215155615697,0,13,2.2388967874139927,1.0,2.0,2.20029529774204,0.0,15.556349186104045,2.630563501896693,1.1765032286242305,1.168282450176563,0.005531181015452542,0,0,0.0,0.5833333333333333,0.07500000000000007,0.56875,0.42916666666666664,0.6291666666666667,0.05899181911267209,1.715686274509804,0.22453222453222477,1.7801924705254577,1.589403973509934,2.330097087378641,0.21334169547292156,0.4918012982800195,0.052088710155127504,1,11,0.0,0.0,106.27864826555196,576.7894330011347,535.1762469689775,0.10929063926198523,4341.810863259379,861.9180991921041,6211.970726555774,27348.016895724668,23756.800486861175,3.8473277369575953,232008.75835616537,37581.14332424071,0.6017118382967945,3.2655762536054067,3.0299772215003924,0.0006187646581179429,24.58178607560933,4.879873167282735,35.169964864271265,154.8347272820143,134.50253956261884,0.021782198804265462,1313.5509226898118,212.771042951373,156.8279459406191,9.57871565946948,152.6312783903749,121.34553082918782,166.79098943559023,11.684418176467089,0.07655323535050679,1.7201934592198251,0.8879039504948654,0.054231275068349794,0.864143914141483,0.6870151588858272,0.9443111528278384,0.06615301243598107,0.12346622696499665,-1.2983183041272142,1.0741623326975132,1,0.9592891333868241,159.79410231622023,147.7831306257233,0.9248346996766617,7.516530032333835,0.27246950665732517,,0.9814376354783648,-0.008124945071864741,0.07655323535050676,6.309191344978387,-1.4882790946756592,1.9826606107259819,0.05555555555555555,0.09768009768009768,0.03958333333333336,-1.0865833098640854,0.43933962254172076,0.0,0.0,11,1,5.258333333333334,0.0,2334.3689853581477,2304.069021074467,235.758195927995,3576.490562082199,3780.3467886458116,481.5549390959127,13.449204423999731,13.27463458682012,1.3582943363096966,20.60554821951996,21.780042946512996,2.7744246337705762,0.45416666666666666,0.43333333333333335,0.06183285913764462,0.12083333333333333,0.14351851851851852,0.06282664982847176,3.333333333333334,3.494874118449626,1.3092892833358882,0.8695907359332671,0.9074520505999146,R,403773045_20200427_Hands_R_13_L.mp4FT,2,1,1.5
1.0,3.0,1.6419753086419753,0,8,1.814669071655415,1.0,2.0,1.2578068264342774,0,6,1.254614887549514,1.4142135623730951,2.605551275463989,2.312351204015665,0.0,9.219544457292887,1.9489164147765516,0.0,1.0,0.5925925925925926,0,5,0.7223199755084156,1.0,2.0,1.7037037037037037,0,13,2.1432217570091954,1.0,2.23606797749979,1.9444753438048819,0.0,13.152946437965905,2.141946211948441,0.9538585692986319,1.7480673485460896,0.010213802083333334,0,0,0.0,0.5583333333333333,0.11979166666666669,0.5470833333333334,0.4041666666666667,0.6666666666666666,0.08251788526670378,1.7911445279866332,0.40649117671342916,1.8734404356042624,1.5,2.4742268041237114,0.30526361899394683,0.10819661882982468,-0.03495867139644189,1,11,0.0,0.0,124.29250423639246,884.6344236081504,580.9347289807439,0.0,3833.3404848678997,815.3936938253897,8924.443629978987,25007.881429374193,21346.09918474276,5.321645771755357,184106.72960551773,28587.57367246133,0.7421101063929281,5.281864342954298,3.468572269742867,4.163336342344337e-16,22.887628924550338,4.868450471687501,53.2849495022246,149.31392413590982,127.45061365032247,0.031773815599026034,1099.2413865550027,170.68710192882517,159.73650574314144,4.059668142058115,159.2955561258642,149.6262128682187,165.659848691553,4.1644467798301745,0.026142893631883365,1.8462202193216324,0.9537347083008494,0.02423895773386997,0.9511019415913691,0.8933694387524723,0.9891010619893003,0.024864556892100906,0.036459849408029044,-0.2514575915549455,0.9950790883407724,1,0.9834265409746575,160.87643774815996,158.5116767664613,0.9853007624062355,1.4699237593764458,0.09678649322677957,,0.9929142388967923,-0.001563047983127252,0.026142893631883355,1.9304178307407653,-0.7238084127683387,0.37644748495792424,0.11712962962962964,0.2140983329102141,0.07500000000000001,-0.29213171237653596,-1.0228847468896731,0.0,0.0,11,1,4.829166666666667,0.0,2251.9731357302885,2251.6497869475334,107.83097251536626,3224.8428600371426,3160.3706316793227,416.2577112235627,13.495809401547676,13.493871610428839,0.6462183005477923,19.326102917692904,18.939728457089924,2.494583369341974,0.2791666666666667,0.2851851851851852,0.06413332199720988,0.25,0.249537037037037,0.04764696418618002,1.3636363636363635,1.2124492881223263,0.41346901260527497,0.9756748478894449,1.023102470636881,L,403773045_20201012_Hands_L_R.mp4FT,1,0,0.5
1.0,2.0,1.0425020048115476,0,6,1.167848965359017,1.0,2.0,1.2654370489174018,0,7,1.3613817738786091,1.4142135623730951,1.8284271247461903,1.8479453563084414,0.0,7.810249675906654,1.5781225728839772,0.0,1.0,0.6263031275060145,0,6,0.9365847876668805,1.0,1.0,1.0809943865276663,0,8,1.2892808234316406,1.0,2.0,1.430713349515856,0.0,8.602325267042627,1.43293401414819,0.6781578401445529,1.4184836619456567,0.0027064814814814807,0,0,0.0,0.48124999999999996,0.04062499999999997,0.48791666666666667,0.4166666666666667,0.5625,0.03901789119536489,2.078272604588394,0.17090319371619223,2.062709880654252,1.7777777777777777,2.4,0.16569995167536503,0.08559088779926272,0.016877541053961127,1,11,0.0,0.0,139.3969575466096,528.1675797090204,403.6921617788891,0.12982240168980752,2611.594539563842,529.4682519513508,7294.734362106954,17536.53146725577,15764.805899465047,7.146105652273036,141210.2982198509,20979.382774139598,1.142897369116569,4.330376702090299,3.309819078912149,0.0010643968416257366,21.412121046248224,4.341040743185639,59.808570126568284,143.77972109366183,129.25357557468658,0.05858998283230221,1157.7647114261595,172.00720733260317,103.23196982477224,11.144928988218552,99.01919471951987,45.5937638052075,114.54541283742859,17.893593105592466,0.1807083278780196,1.162225544921092,0.8463853788344285,0.09137581080539059,0.8118453883696953,0.3738172885421171,0.9391428140208591,0.14670722262776908,0.15310269496190476,-2.2140579057265843,0.9764641039556812,1,0.8506159068351652,108.18045198649881,97.10265772964057,0.8975989279630595,10.240107203694048,0.6019590599414262,8.0,0.954257150244259,-0.020466339944696346,0.18070832787801963,6.129312095131667,-2.2956068941902696,4.313372610847826,0.055555555555555546,0.11386279533162537,0.02708333333333332,0.1434467425836346,-0.3433869827335876,0.0,0.0,11,1,4.408333333333333,0.0,1359.5234246570385,1266.3545312363658,297.23443156953505,2254.490724127329,2131.760846610459,395.0808423784341,11.206815477806002,10.438806204924036,2.4501611136936794,18.58420464369261,17.572518441012967,3.2567280703296464,0.26666666666666666,0.2939814814814815,0.06894574018141539,0.225,0.2027777777777778,0.06877454668411083,1.3333333333333333,1.7912000946037294,1.1252583256694098,0.9675519647959442,0.9381652945996036,R,403773045_20201012_Hands_R_L.mp4FT,1,1,1.0
0.0,1.0,0.5901988636363636,0,4,0.7559164104212602,1.0,1.0,0.8082386363636364,0,5,0.93397991868521,1.0,1.4142135623730951,1.1401982554941148,0.0,5.385164807134504,1.0701684157964004,0.0,1.0,0.5667613636363636,0,7,0.9891903081712633,1.0,2.0,1.2478693181818181,0,11,1.6498307437195676,1.0,2.0,1.5139870070892891,0.0,11.704699910719626,1.8129199016055686,0.8903162645886851,1.695742534169635,0.008110136452241717,0,0,0.0,0.5458333333333334,0.07395833333333335,0.5566666666666666,0.4583333333333333,0.7125,0.07601626287987474,1.832167832167832,0.2525199860966285,1.8282379539278832,1.4035087719298245,2.181818181818182,0.23550781975867435,0.8614992259164225,0.07610370555233242,1,11,0.0,0.0,131.02501398676736,630.1817800507206,435.88908647728755,0.0,2856.5646035676823,595.2094506181724,6065.969016348038,16898.433282394297,15390.722235185181,0.0,136882.42125913926,21842.22424668078,0.9847369372833814,4.736219879981066,3.275985790440278,0.0,21.468913402698846,4.473380415002655,45.589644061536106,127.0025541617064,115.67113954275862,0.0,1028.7591061983765,164.15831110161272,121.6612692053225,5.1624892625759315,121.2800973893989,110.16577583911274,130.43497001116404,5.227989828805423,0.043106741677653056,1.8462202193216333,0.9143623952244405,0.038799414787322184,0.9114976447835111,0.8279663965859981,0.9803023787229926,0.03929169351347199,0.0299537408301358,-0.2861279398331879,1.0149368950324618,1,0.9660441017107301,124.33792207822823,122.20065016605537,0.9828107798775326,1.7189220122467375,0.15539693205216698,,0.9784727553093441,-0.00230121217284912,0.043106741677653077,2.676652872905734,-0.3171061228354585,0.0028889298685887965,0.041203703703703715,0.07401862940785099,0.041666666666666685,0.6737927185855607,-0.4017566621120583,0.0,0.0,11,1,5.1,0.0,1451.562482772183,1435.374993499334,77.28986053711981,2489.6552314015653,2512.3915244052196,213.83496921726368,10.942841457055835,10.820809418612487,0.5826622691986443,18.768673621218692,18.940074888896127,1.6120299290527889,0.30833333333333335,0.2949074074074074,0.03620595332595769,0.2125,0.250462962962963,0.06447330664882325,1.215686274509804,1.2368143653752084,0.2842504238321202,0.912202008747996,1.137511599087604,L,403773045_20210201_Hands_L_R.mp4FT,1,0,0.5
1.0,2.0,1.3873355263157894,0,6,1.3985909753639412,1.0,2.0,1.3544407894736843,0,7,1.4544159219857615,1.7071067811865475,2.1622776601683795,2.17025940248366,0.0,8.602325267042627,1.7665124486383974,1.0,1.0,0.8273026315789473,0,8,1.2118295598384856,1.0,2.0,1.459703947368421,0,12,1.8209366926581023,1.4142135623730951,1.2360679774997898,1.8668731742478735,0.0,12.806248474865697,2.028371546394062,0.9351340786841179,1.3592367006650061,0.004902500000000001,0,0,0.0,0.46875,0.04791666666666661,0.48374999999999996,0.425,0.625,0.05535397456371133,2.1333754740834387,0.2137784408499428,2.0908713258178,1.6,2.3529411764705883,0.208564104816087,0.0529182638717659,0.016703803993020058,1,11,0.0,0.0,214.2370403010318,818.6414777265554,585.7760372980883,0.19262040950593473,3743.2160223765504,783.0602983993068,8031.018459608458,24883.606153962275,22225.14374053043,0.3288005306103514,187730.48370061145,32232.46862009189,1.32063096737431,5.046388267610818,3.6109254203413457,0.001187378603550726,23.074473908788935,4.827053612831977,49.50596620645502,153.39112611290872,137.0034473816868,0.002026839813934478,1157.2354152523253,198.69204762539096,141.2040817089799,7.711230044674068,137.20592559559398,102.09118057019641,160.285017211813,16.69002694880873,0.12164217307932863,1.6663325853283262,0.8704306349756791,0.04753468018058238,0.8457846224639521,0.6293252295091516,0.988052098920972,0.10288307943359469,0.5344704421162068,-3.8585033718412247,0.7871804016010727,1,0.8701422623949978,153.80910084909635,108.00581561238657,0.7022069241426238,29.779307585737623,0.3630647309019205,,0.9180476378151163,-0.025086313817196233,0.12164217307932863,6.148965948838168,-0.9784859046337054,0.06815855440764196,0.07175925925925926,0.14833955402430857,0.02708333333333332,1.4975091204263595,1.490452553137171,0.0,0.0,11,1,4.4125,0.0,1854.9708009001506,1772.1478786443909,322.659948408629,3273.978137097337,3295.886928847116,435.96356345972214,11.447153843382106,10.936047829012454,1.9911569857266582,20.203946820637917,20.339147498492597,2.6903614755611174,0.325,0.3199074074074074,0.06777942216179705,0.19166666666666668,0.17824074074074073,0.06777942216179705,1.6785714285714286,2.181259602362877,1.1569060220187184,0.79145015118131,0.7121830056591475,R,403773045_20210201_Hands_R_L.mp4FT,1,1,1.0
1.0,1.0,0.8790389395194698,0,5,0.9617109189393455,0.0,1.0,0.33305716652858325,0,2,0.498640254701264,1.0,1.4142135623730951,1.075628163771882,0.0,5.0,0.9487837382059168,1.0,2.0,1.1002485501242751,0,6,1.2849488545345478,1.0,2.0,1.0828500414250206,0,5,1.0868327675731302,1.0,2.8284271247461903,1.6661057824532521,0.0,7.810249675906654,1.561890402486964,0.866073326884621,0.6730116670092563,0.0005196280991735539,0,0,0.0,0.4770833333333333,0.02812500000000001,0.47874999999999995,0.4583333333333333,0.5041666666666667,0.016185770499629198,2.0961098398169336,0.12443518420324873,2.091158881373011,1.9834710743801653,2.181818181818182,0.07060339080638624,0.0023055469194762646,-0.001180281410928523,1,11,0.0,0.0,251.06649912098078,851.3175298306458,490.622588493836,0.05516287749571802,2057.2288189794485,541.0749614466306,8338.573746815286,19606.500411722755,14554.644197369633,2.397786303436078,88201.21687913942,15643.147118582649,1.8841256880465913,6.3887027231991675,3.681871637010846,0.00041396918696645635,15.438450281497614,4.060490896195487,62.57673187403535,147.13675941536715,109.22516189397388,0.017994160050144314,661.9050292284414,117.3938196900224,118.09057054268297,9.612253617126242,116.46389686629635,103.10515014259629,127.13875432457111,6.869542294802602,0.05898430740892192,2.019814992492946,0.8862093439568478,0.07213504797913872,0.8740019898475588,0.7737514269474762,0.9541113362708727,0.051552402045177886,0.010157517033815622,-0.21893821925899948,1.0617154750433888,1,0.9667487132013532,121.15784259844395,120.96031525074353,0.9983696693217369,0.16303306782631255,0.1890344475188085,,0.9746836689232995,-0.0018070495030572085,0.058984307408921945,4.324322138744122,-0.4252627132873742,-0.7347480618445728,0.021759259259259273,0.04545014988879222,0.016666666666666663,0.07553943854156828,-1.2856749496394722,0.0,0.0,11,1,4.283333333333333,0.0,1354.907689212348,1298.4753578888315,106.86710320037696,1761.2850825599025,1791.2710948630208,175.94522753076893,10.255046678637253,9.827920759643161,0.8088574154950056,13.330842300067935,13.55780090272627,1.3316970119642626,0.19583333333333333,0.21574074074074073,0.042753319928204435,0.2708333333333333,0.2601851851851852,0.03834496155712714,0.734375,0.8466614554229408,0.19183075059376167,0.9146463702415086,0.8997523417106137,R,421326689_20200706_Hands_R_13_L.mp4FT,1,0,0.5
2.0,3.0,2.4614173228346456,0,9,2.1443221950619624,2.0,3.0,2.7149606299212596,0,13,2.424743796520564,3.1622776601683795,4.416738332472206,3.8248023906153166,0.0,14.317821063276353,3.0459765735994404,1.0,4.0,2.4047244094488187,0,17,2.929348057530905,2.0,3.0,2.5669291338582676,0,11,2.3362617396682746,3.1622776601683795,4.416738332472206,3.9373777716073453,0.0,18.867962264113206,3.3027382435941877,1.3887149396816096,1.0888999753452242,0.005331111111111112,0,0,0.0,0.2604166666666667,0.03229166666666666,0.24916666666666662,0.1625,0.3125,0.04081632298752819,3.840245775729646,0.5188574865994227,4.1459245843670995,3.2,6.153846153846153,0.8244763681184797,0.26037008009796303,0.14646935736373434,1,11,0.0,0.0,1183.5774535078413,2164.761229457891,1498.8297362171968,0.5622674975145969,5138.836954879189,1305.5202574533507,49529.89503729643,55866.38774971699,58683.388770131525,265.853378169237,250495.86304102786,49297.52380725621,5.283167392872441,9.662904533142662,6.690367720660392,0.0025098089695229156,22.938368551074923,5.827486857298668,221.08796146622618,249.3723391250144,261.9466644407159,1.186697072224282,1118.1453074706026,220.05071958404227,203.45780863666562,36.2087330911109,187.78310078158168,102.87883078315942,221.88403116215162,36.74391399583562,0.19567210171150592,1.3667110520552042,0.9081802439111692,0.16162592269497877,0.8382126172152183,0.45922308050017957,0.9904298826922566,0.1640148244916038,0.29163698643825187,-6.274898667396217,1.1158581047624851,1,0.8122617035057251,203.67785216974622,150.65608747031035,0.7396783001460205,26.032169985397946,0.5363396354198372,,0.9989196491874963,-0.030807957765416148,0.19567210171150592,11.203152120087452,-1.2197912993925506,0.08444958104578193,0.03842592592592591,0.15421776291341507,0.01458333333333331,-0.7546848299960373,-0.05042499818859936,0.0,0.0,11,1,2.2333333333333334,0.0,3018.359440223948,2835.048463487885,645.0097541593669,4734.210682336952,4221.018783381504,1193.1613930286585,13.448524235895958,12.63176859026689,2.873888774014912,21.09362664061049,18.807062092070264,5.316219035295127,0.1375,0.1425925925925926,0.03766823260519998,0.09583333333333334,0.10694444444444445,0.021426734195196546,1.2424242424242424,1.3693839708332463,0.43213730448758636,0.7814319785410683,0.46612149503636296,L,445817794_20200720_Hands_L_12-_L.mp4FT,1,1,1.0
1.0,2.0,1.3024142312579416,0,5,1.169294476058774,1.0,1.0,0.795425667090216,0,3,0.7728423523939277,1.4142135623730951,1.2360679774997898,1.7407051301529193,0.0,5.385164807134504,1.124039743471636,1.0,3.0,1.900889453621347,0,10,2.1269342426141566,2.0,2.0,2.326556543837357,0,10,2.0130056700091394,2.23606797749979,3.4721359549995796,3.1799894419984236,0.0,12.206555615733702,2.7367780902428764,0.8478950658190769,0.8018185525433371,0.0011483739837398377,0,0,0.0,0.3,0.014583333333333337,0.30416666666666664,0.275,0.3416666666666667,0.019808107206674523,3.3333333333333335,0.16214875331217238,3.3010850998683394,2.926829268292683,3.6363636363636362,0.20647695527144663,0.5872968559222862,-0.05509008609534199,1,11,0.0,0.0,525.2965960432135,1322.5998558549634,828.476333644324,0.12296305878919611,3407.3219031837493,825.1853909900678,23065.853601119146,38763.29873060313,32365.698954533047,234.39968377923606,163919.82750421716,31932.128035429443,3.279363006908188,8.256830660817883,5.172077377079787,0.0007676434784656405,21.27149782826612,5.151532420802675,143.99732949354086,241.99457761651198,202.05513731425603,1.4633288271957645,1023.3316234394174,199.34840659547837,122.57031102015831,10.847182093231226,125.08941676073923,111.72740886379789,151.6764483669051,10.61276556011335,0.08484143451090333,1.720193459219825,0.7651916017207011,0.06771764362016386,0.7809180736574649,0.697500677227887,0.9468976908289926,0.06625420960459057,0.13302910529015077,-1.224057743687682,0.9798615597880734,1,0.962067756659956,132.44521611986087,122.57031102015831,0.9254415871784608,7.455841282153919,0.26338327362775893,,0.9254415871784608,-0.009241992874849714,0.08484143451090335,5.039382224953172,1.2368530992997762,0.9756490001464968,0.012962962962962954,0.04261796042617958,0.008333333333333331,0.7427458477998146,-0.373717597305971,0.0,0.0,11,1,2.7041666666666666,0.0,1681.5579735105143,1756.0607965551735,230.9794745500165,2891.3085351012955,2942.3842499107413,265.5803491472913,10.554979802452657,11.02262695161422,1.4498362394053417,18.148469259696526,18.469066673940933,1.6670226452709676,0.125,0.13842592592592592,0.031104772281927456,0.17083333333333334,0.1638888888888889,0.02839590041702899,0.7692307692307692,0.8682836196464283,0.21899535467566966,0.9269208556930543,1.0462436956862637,R,445817794_20200720_Hands_R_12-_L.mp4FT,1,1,1.0
2.0,3.0,2.392857142857143,0,8,1.9888849301319882,2.0,3.0,2.472857142857143,0,8,1.8740652091544907,3.1622776601683795,4.242640687119286,3.6899754258964452,0.0,10.0,2.38592807621097,1.0,3.0,2.1785714285714284,0,13,2.5090346952644587,2.0,4.0,3.4185714285714286,0,18,3.109974407664238,3.3839144678161843,4.910341757963664,4.457503156770438,0.0,18.439088914585774,3.5398680211812383,1.3851171933928244,1.2798542258336678,0.0037165637860082303,0,0,0.0,0.275,0.039583333333333304,0.27708333333333335,0.2125,0.3375,0.035416666666666666,3.6371986222732495,0.5073924731182791,3.6716591254767073,2.962962962962963,4.705882352941177,0.4954425272103156,0.8556787184179407,0.1595591350634918,1,11,0.0,0.0,1048.149039046201,2357.15983604771,1474.4563260904501,0.09255000244706935,5371.301086910781,1392.9967188793396,51611.88621129436,67107.22794222912,61451.3668319842,29.586878650491144,258934.29224843692,51886.96531960341,4.8666546664430665,10.944515033942768,6.846039534954275,0.0004297183744972344,24.93945662848904,6.46781490964591,239.63884668795893,311.5851771560123,285.32448154923105,0.13737466303519463,1202.256296318036,240.91606488520392,203.4893667238332,8.345732090402691,197.5031877765384,161.36335800839703,210.38099199914367,13.916169428243908,0.07046048008090441,1.5403058252265172,0.9448202872363083,0.03875001980596371,0.9170258948142862,0.7492252628110051,0.9768187522026903,0.06461408479523553,0.0016376039577293833,0.1780836905369079,0.9095872941427194,1,0.9973162982019811,205.0208755696427,195.547710432546,0.953794143592569,4.620585640743102,0.23299459482987017,,0.9925299858292271,0.0008686124768616793,0.0704604800809044,5.219661738142321,-1.617149228911483,1.5100548940650187,0.01805555555555556,0.06516290726817044,0.024999999999999967,-0.1621819662120911,-0.6708205122065096,0.0,0.0,11,1,2.558333333333333,0.0,3422.4010363760294,3356.9428188068086,347.8508143408404,4903.874002048896,4774.824745052383,501.4174494438856,16.001614019300202,15.695560719058342,1.6263945715945047,22.928317910737587,22.32494139875456,2.3444033598818335,0.175,0.18287037037037035,0.03393237444779387,0.09583333333333334,0.1023148148148148,0.021970019477230877,1.7499999999999998,1.8340713714626757,0.41234618289321484,1.205049984364075,0.8135279086679308,L,445817794_20201109_Hands_L_R.mp4FT,1,1,1.0
1.0,2.0,1.2914285714285714,0,6,1.262960564608057,1.0,1.0,1.0071428571428571,0,7,1.0494653643738836,1.4142135623730951,1.2360679774997898,1.8290549534752478,0.0,8.602325267042627,1.4258784680817251,1.0,2.0,1.3414285714285714,0,7,1.5350191117603025,2.0,2.0,2.1814285714285715,0,10,1.9978411818147863,2.23606797749979,3.1231056256176606,2.749652430737013,0.0,10.63014581273465,2.3119528100409665,0.8904510761703972,1.168282450176563,0.003278481012658227,0,0,0.0,0.2604166666666667,0.05104166666666665,0.27416666666666667,0.225,0.32916666666666666,0.032850672240711705,3.840245775729646,0.6520732883317266,3.698686625018192,3.037974683544304,4.444444444444445,0.43033096072307414,0.009064812265861533,-0.014264449831190223,1,11,0.0,0.0,621.495820471248,1247.9687705355632,840.3785394098471,0.07374660918884501,3100.300882003608,773.519095911345,28047.732657431654,37569.78810129203,34280.65459523586,53.955206614400595,148029.08043023647,29977.487530078346,4.037836879560359,8.108009998180163,5.459910344444735,0.0004791291727468394,20.14254774810148,5.0255268493145,182.22515032579577,244.08961565926762,222.7202288748402,0.3505451137987947,961.7398227318643,194.76270108096477,111.52485006080235,19.179978843118974,114.39288988394702,91.78411252017698,139.36879598019044,14.068286815261326,0.12298217860859861,2.1458417525947544,0.7245730988528474,0.12461166008036839,0.7432066545236808,0.5963182088830024,0.9054742537802282,0.09140117352973033,0.05656147496319275,1.0580387576905415,1.030614595846173,1,1.0419250555689807,106.35286375744946,129.39967214927697,1.216701342846663,-21.67013428466631,0.3414299673420228,,1.0486304375888573,0.009948380516612367,0.12298217860859857,8.943017379792963,0.25579313643913215,-0.9411882060018346,0.039351851851851846,0.14353259034110097,0.018750000000000003,0.3866801449183216,-1.156539606346556,0.0,0.0,11,1,2.4291666666666667,0.0,1792.2323334173996,1644.7874012336629,257.62470671203965,2630.8127522659893,2668.365856221935,246.4454873723753,11.664348034000124,10.704735280244439,1.6766934650244296,17.12206335224592,17.366469429589642,1.603935986713775,0.15,0.1462962962962963,0.027529756939478713,0.10833333333333334,0.1148148148148148,0.029074663829828856,1.25,1.3545784354982398,0.4104327602882196,1.3014702879161248,0.9430109912880371,R,445817794_20201109_Hands_R_L.mp4FT,1,1,1.0
0.0,1.0,0.3491547464239272,0,2,0.5147397622756459,0.0,1.0,0.3602080624187256,0,2,0.5064247392534998,1.0,1.0,0.6340005774902695,0.0,2.23606797749979,0.6092004533151449,1.0,1.0,0.7776332899869961,0,5,0.9278071611076141,0.0,1.0,0.5715214564369311,0,3,0.6671916960608453,1.0,1.4142135623730951,1.1189617860711256,0.0,5.830951894845301,0.9925954451192212,1.0011956538133617,1.834371970281624,0.014783531746031748,0,0,0.0,0.5375,0.11250000000000004,0.57875,0.4625,0.875,0.11373473646066877,1.8609124241149246,0.3586055811644089,1.7822806839151706,1.1428571428571428,2.162162162162162,0.2828957994494557,0.554187412697411,0.07332091116677353,1,11,0.0,0.0,99.83993649372508,299.05628416009705,222.0578289780076,0.01369459278606655,1347.8278397268327,266.06233970505946,4430.784529693301,6960.5964908178485,6993.024235140836,0.5777175777893717,52554.66966352415,7638.535611307504,1.0227265652128499,3.0634314989132303,2.2746853482180853,0.00014028277995736804,13.806692846892156,2.725452683317286,45.387459191109514,71.30199788673073,71.63417673953869,0.005917943610356247,538.3522734336879,78.24657710494013,62.01011674824391,26.34048688252195,67.1362434134617,50.66832810096004,95.16842164341557,15.902684478087906,0.23687182465885795,1.767761472289329,0.6352106775865721,0.2698230449804919,0.6877209865999768,0.5190292280186852,0.9748731459801768,0.16290172495212643,0.522528807308912,-3.635176996325972,1.0604612042929142,1,0.7091656501428514,90.02676353073083,51.60719416679956,0.5732428018384036,42.67571981615964,0.46759306053421723,,0.6887964680311608,-0.040378847953198925,0.2368718246588579,10.40292258144435,0.5552474954772783,-1.2013105761357843,0.07916666666666668,0.13678905687544998,0.05000000000000002,1.583630034704337,1.8020433183990843,0.0,0.0,11,1,5.258333333333334,0.0,767.5969277453055,804.9963866994121,242.75851975064668,835.6381301601635,923.5130713998047,222.09560028056634,7.908817680956745,8.29415729285863,2.501225322574311,8.60986981553582,9.5152758481401,2.2883280884423627,0.2375,0.23796296296296296,0.05024801315264865,0.29583333333333334,0.31157407407407406,0.06671808716537711,0.8205128205128205,0.7736706677559415,0.12848418690315705,0.4989190669181213,0.6672762099845557,L,546503158_20200310_Hands_L_9_R.mp4FT,3,3,3.0
0.0,1.0,0.4156059767570559,0,3,0.5591122259078491,0.0,1.0,0.4526840066408412,0,4,0.6178064641123012,1.0,1.0,0.7573872330471682,0.0,5.0,0.7059086522067285,0.0,1.0,0.5522966242390703,0,5,0.6853708794484262,0.0,1.0,0.6142778085224129,0,5,0.7394907057536474,1.0,1.4142135623730951,0.9703426250383651,0.0,7.0710678118654755,0.8702779576173135,0.7515479833681913,1.8866967846580784,0.045381506090808404,0,0,0.0,0.7041666666666667,0.24895833333333328,0.7133333333333333,0.3541666666666667,1.2541666666666667,0.23857068600777886,1.4313946922642575,0.5113358922076654,1.5701044309605496,0.7973421926910299,2.8235294117647056,0.5519087230418493,0.7563392382114943,0.1671085226836774,1,11,0.0,0.0,89.75277089884798,262.2537798042094,182.03291552537877,0.0,1659.9062523949874,218.67970129111026,4270.93243353582,6420.865529479403,6871.939454224413,0.0,76582.26891344723,8724.162631684316,1.1155101868508814,3.2594733285889053,2.2624323413878344,0.0,20.63047541842353,2.717904216268303,53.082134281186555,79.80300591060283,85.40926801300839,0.0,951.8179800975987,108.42999263338164,62.34109292420612,6.896898268424401,60.60156848399037,39.5152027841833,78.84388255108254,10.004077147681473,0.16507950863226148,1.8462202193216333,0.7748186882691789,0.08571947360569343,0.7531986623479328,0.49112256702261536,0.9799268955799578,0.12433766508287337,0.21514218276485397,-1.467370613780155,0.8050651149636198,1,0.8119606376245908,64.68576230040048,62.34109292420612,0.9637529296585279,3.624707034147212,0.49881713703556385,,0.9637529296585279,-0.022684599540864797,0.16507950863226145,3.529759475844358,-0.32643372392603437,0.12471226664787816,0.1824074074074074,0.25571131879543096,0.13541666666666663,0.7118434217722953,0.32577941063681504,0.0,0.0,11,1,6.779166666666667,0.0,537.1130904521664,575.6318668925724,173.86886995700047,682.5758715336974,898.8318946324639,424.87148105292863,6.773086347324002,7.2588145923841045,2.1925156736340763,8.60739646580889,11.334421264895,5.357700787490296,0.49583333333333335,0.44953703703703707,0.14256854054003176,0.26666666666666666,0.299537037037037,0.12105574110887257,1.4705882352941178,1.661967019729851,0.7563338882539612,1.333553501869321,2.4272974470032698,R,546503158_20200310_Hands_R_9_L_redo.mp4FT,3,4,3.5
1.0,2.0,1.324013157894737,0,6,1.2375494460448104,0.0,1.0,0.484375,0,3,0.5874951882501722,1.4142135623730951,1.2360679774997898,1.5254143572121373,0.0,6.082762530298219,1.2399275177756954,1.0,1.0,0.9046052631578947,0,5,1.1315359156444624,1.0,2.0,1.346217105263158,0,8,1.3917173337556126,1.0,2.8284271247461903,1.723880389981814,0.0,9.433981132056603,1.6959063190935435,0.9261805568281893,0.9433483923290393,0.0012096774193548394,0,0,0.0,0.4770833333333333,0.029166666666666674,0.475,0.42916666666666664,0.5166666666666667,0.02500000000000001,2.0961098398169336,0.12941281395401827,2.111180151356747,1.9354838709677418,2.330097087378641,0.11262634776170147,0.018184141086082684,0.0052876100937144675,1,11,0.0,0.0,453.33733795695025,914.5245653049062,596.4955165667293,0.0,2254.683160055594,557.961355717517,9395.137603669255,15138.29843890463,14575.382363652561,0.0,123066.5022860612,16254.083418470915,2.8640206874446816,5.777634125646043,3.7684420769624456,0.0,14.24426949506107,3.5249972410642276,59.35506786086158,95.63827258775089,92.08197322780724,0.0,777.489474101532,102.68739692995013,140.060020227158,7.146814625417051,140.51226769096246,132.14301568236561,155.77427007674743,6.318969967245806,0.04497094859463458,1.6726254461503196,0.8848483498453724,0.04515097968495685,0.8877054851036719,0.8348315899176205,0.98412527430901,0.039920957737772385,0.20634096561130344,-0.9076930716947588,1.0070416659660197,1,0.9440539822933209,143.77432948352384,137.3182802098222,0.9550959528248645,4.490404717513552,0.1517019106091082,,0.9741656993309679,-0.006313318065578449,0.044970948594634595,3.7143092563658513,0.9271304899003734,0.6280687673167065,0.02222222222222224,0.04678362573099419,0.016666666666666663,-0.15277777777777435,-0.6861111111111096,0.0,0.0,11,1,4.266666666666667,0.0,1290.57413639203,1272.8888403282076,119.51018566137365,1967.630038874006,1960.7751603227985,259.86524008548946,8.173972620338903,8.061961135115432,0.7569289960967794,12.462169829061995,12.418753811327468,1.6458809281386,0.24166666666666667,0.24675925925925923,0.01568617995009021,0.2375,0.2314814814814815,0.03654182826050207,1.0,1.102151389958323,0.2459731570030651,0.8749310721930098,0.9651922324601567,L,553661824_20200629_Hands_L_7-_R.mp4FT,0,0,0.0
1.0,2.0,1.2944711538461537,0,6,1.1606812526795398,0.0,1.0,0.39302884615384615,0,2,0.5217384578490153,1.4142135623730951,1.2360679774997898,1.4629283602988952,0.0,6.0,1.144272626344971,1.0,2.0,1.3930288461538463,0,6,1.3765199498172276,1.0,1.5,1.6911057692307692,0,7,1.4950294981542442,2.23606797749979,2.605551275463989,2.302850217254852,0.0,8.602325267042627,1.904512887440708,0.8595012522220564,0.6730116670092565,0.0010882352941176479,0,0,0.0,0.325,0.034375000000000044,0.32500000000000007,0.29583333333333334,0.3541666666666667,0.01963203164898292,3.07742890021371,0.328397840575378,3.088279300703073,2.8235294117647056,3.380281690140845,0.18819931103310822,0.37343215198789526,0.04004026181923558,1,11,0.0,0.0,653.3340472119721,1057.3027638075298,768.2766998081095,0.0468789070274056,2330.845738232296,622.5930354269697,16339.700664540396,23921.78132189085,22669.87325333504,63.57237259084059,105433.92163262545,19945.180983669987,4.694815805590711,7.597708627004805,5.520786202277854,0.00033686876507205143,16.749305288687037,4.4739129020546935,117.4160221189597,171.9003586712817,162.9042290305819,0.4568269186517693,757.6412768301243,143.3247682821601,127.8054807444515,11.96162906315385,124.80363814862284,114.26695276170847,136.39292416166543,7.134157997117679,0.05716306113305722,1.720193459219825,0.9184018399174262,0.08595548544569898,0.8968307950209712,0.8211148617948971,0.9801106476197003,0.05126559356179209,0.6185292366782653,-1.7742827881680536,0.9435049737529855,1,0.9166762878303322,129.87592735905173,114.46774840357799,0.8813623181078301,11.863768189216994,0.16222228195453325,,0.9840582727168806,-0.013661367616362953,0.05716306113305724,3.2322193295412944,-0.19834441983975187,-1.2723136847315304,0.023611111111111107,0.07264957264957263,0.01874999999999999,-0.09177867242768759,-1.401509617725833,0.0,0.0,11,1,2.9458333333333333,0.0,1494.1788125267203,1488.5078912776967,58.23915799622754,2069.8409267751526,2123.947345730142,131.01817124935238,10.742868242839,10.702095371959675,0.4187287329214271,14.881771963008335,15.270787069535222,0.9419963255732077,0.19583333333333333,0.19259259259259257,0.022289635402242082,0.1375,0.13240740740740742,0.019122107803762393,1.5,1.4932697020434147,0.3116502565256109,1.0262640885864052,0.9265924328925088,R,553661824_20200629_Hands_R_7-_L.mp4FT,0,0,0.0
1.0,2.0,1.5853658536585367,0,7,1.3703720144105491,1.0,1.0,0.6617179215270413,0,3,0.6962161152073149,1.4142135623730951,2.0,1.8292672606864981,0.0,7.280109889280518,1.4027377244342703,1.0,2.0,0.9660657476139979,0,5,1.1452859274864335,1.0,2.0,1.4220572640509013,0,6,1.4409630664097133,1.4142135623730951,1.8284271247461903,1.8310511196985029,0.0,7.211102550927978,1.7294033949484229,0.904083352387635,0.8979457248567801,0.0010399484536082475,0,0,0.0,0.3729166666666667,0.03229166666666672,0.3695833333333334,0.3375,0.4041666666666667,0.020501524333570907,2.6816479400749063,0.23768778496253473,2.714173142227048,2.4742268041237114,2.962962962962963,0.15206351422326086,0.4747365024647606,-0.03647744082298379,1,11,0.0,0.0,575.1606150775581,1155.0277480854788,748.0110983129705,0.0,2425.751285035515,650.499555009725,14734.332138059744,23022.802080076395,20857.66622424797,0.0,103116.67723874627,18519.545074382255,3.6832355448593446,7.396610869250148,4.7901420803719095,0.0,15.534118856219342,4.165693929866728,94.35627968606335,147.4343005078023,133.5691207048359,0.0,660.3425215795171,118.59617105978516,138.75327888167925,9.862167959560367,138.05715625822975,126.4304800993075,153.4291188971471,7.582195594370231,0.05492069951222284,2.019814992492947,0.888553554164807,0.06315572837532923,0.8840956974843315,0.8096403440152202,0.9825352597590802,0.04855515414158604,0.08000349892088543,-0.6781870209890581,0.9900908540581633,1,0.9935836372513392,139.3193894949764,134.05899389854343,0.9622421859907544,3.7757814009245605,0.17596815384137376,,0.9959365985212161,-0.004867858116859684,0.054920699512222844,4.694284983135816,0.25513971844409084,-0.5068869868325039,0.023148148148148154,0.0626330953275711,0.014583333333333337,-0.10144217037185795,-1.0401459349649673,0.0,0.0,11,1,3.2916666666666665,0.0,1592.690922348795,1592.5109971361194,67.40424450162303,2101.1239605934693,2143.4551836322553,148.93137057902348,10.175254687572659,10.17410519595567,0.43062677460105026,13.42349047715479,13.693932764237635,0.9514806704467157,0.24166666666666667,0.23888888888888893,0.016896562584161723,0.12083333333333333,0.12546296296296297,0.011693824944736196,1.9666666666666666,1.9213284713284713,0.2273629628019415,0.9227340528602701,0.9574522122093668,R,553661824_20200921_Hands_R_L.mp4FT,1,0,0.5
1.0,2.0,1.233038348082596,0,6,1.1417567892876268,1.0,1.0,0.6302851524090463,0,3,0.7252892260753395,1.4142135623730951,1.2360679774997898,1.4997574719604543,0.0,6.082762530298219,1.223937700143963,1.0,1.0,0.8200589970501475,0,5,0.9886627722073132,1.0,2.0,1.368731563421829,0,6,1.3714054342212652,1.0,2.8284271247461903,1.7051866075353765,0.0,7.211102550927978,1.580021653963109,0.7065887554477008,0.6730116670092566,0.0004108910891089106,0,0,0.0,0.39166666666666666,0.019791666666666652,0.39666666666666667,0.37916666666666665,0.42083333333333334,0.013149778198382912,2.5531914893617023,0.12535376638184337,2.5237418034805845,2.376237623762376,2.6373626373626373,0.0824840199743034,0.32808763484073267,0.016448934674383856,1,11,0.0,0.0,443.07129447780426,992.9419113627239,624.6960010141391,0.28645902249650135,2105.657417141869,571.6364951942454,13250.461990487496,20150.431840463105,17222.93495197917,22.22072864403799,85136.60018397027,15199.797270843066,3.201668694396942,7.175077854482718,4.514103384465866,0.0020699758616382624,15.215649304325582,4.130691141693646,95.74890061709198,145.6086359154126,124.45430870527527,0.1605687665896749,615.2038982296687,109.83495362883683,119.63982720800523,12.95072672390711,122.39083008600268,108.75985995627103,132.58290952598497,7.7827203215564795,0.06358908029374136,1.798652206252128,0.8645269827881357,0.09358298955135846,0.8844059501291844,0.7859074671930302,0.95805473324942,0.0562385609750273,0.43212400559239483,-1.617840192685664,0.9269247023976139,1,0.9213368926642376,127.0541495654196,113.44708375366497,0.8929034127708798,10.70965872291202,0.1796841663445684,,0.9416443903424282,-0.012733469927738505,0.06358908029374136,7.4143223574143775,-0.1858850020136984,-1.3137066791589758,0.01898148148148147,0.047852474323062534,0.010416666666666657,0.4649856247824183,-1.1057241012241716,0.0,0.0,11,1,3.575,0.0,1361.407305470575,1410.0055450195775,91.88656407174284,1926.882799224527,1903.5077589382947,146.42499497254917,9.891494597497505,10.244591882942649,0.6676146429110645,14.000035641025308,13.830201026668195,1.0638712168574256,0.20833333333333334,0.21574074074074073,0.020766353233338704,0.17916666666666667,0.17731481481481481,0.026579074248902452,1.1363636363636365,1.2565809628446065,0.29264109347036965,0.9282215938702904,0.8228211813517071,L,553661824_20201116_Hands_L_R.mp4FT,1,1,1.0
1.0,1.0,0.8302094818081588,0,4,0.8172966572904504,1.0,1.0,0.7309812568908489,0,3,0.7124343925625908,1.0,2.0,1.2327718932608502,0.0,4.47213595499958,0.9377587272428486,0.0,1.0,0.5523704520396913,0,3,0.6919464289670224,1.0,1.0,0.8478500551267916,0,4,0.8314406856052393,1.0,1.4142135623730951,1.1345890617773304,0.0,4.47213595499958,0.9522362980900271,0.4808767221340841,0.6108643020548932,0.0002453183520599253,0,0,0.0,0.35833333333333334,0.013541666666666674,0.35666666666666663,0.3416666666666667,0.37083333333333335,0.009537935951883002,2.7906976744186047,0.10791711589032671,2.805746335005515,2.696629213483146,2.926829268292683,0.07511374093091445,0.02924347441316133,-0.004472052594926748,1,11,0.0,0.0,369.7209558451856,624.7959687131748,425.1483366144123,0.10568361367518264,1340.7593006068357,351.3320193990727,9201.227247923107,13117.609159073218,12020.781368891727,18.337018160741536,57759.25620383614,10595.848905414858,4.0494204097754585,6.84316511588803,4.656496539485793,0.001157514540177651,14.684853510838108,3.848013014869406,100.77772661694665,143.67244652059156,131.65928694888865,0.20083875263985362,632.61632111327,116.05251511480574,75.89053903273594,8.234866387543974,75.61365651802492,55.288302941421534,87.25095180038548,8.501251585595446,0.11243010822481388,1.7986522062521295,0.8312017287889513,0.09019352431691141,0.8281691343729338,0.6055528603755667,0.9556282363955602,0.09311114540599935,0.5035760341584399,1.907723350527059,1.1539046756664444,1,1.1347689938106846,66.64142198109863,80.94988661175361,1.2147082731024745,-21.470827310247454,0.36633008808991274,,1.1387893111623673,0.028626690334851247,0.11243010822481386,5.071367977755443,-0.9984482997491594,0.5172397628561032,0.014351851851851857,0.04023883696780895,0.008333333333333331,-0.004001697969427064,-1.0673037701765624,0.0,0.0,11,1,3.2083333333333335,0.0,806.9099635670955,799.1481520444237,66.54125052102418,1217.4123819662657,1163.706059840154,112.37962634997697,8.860580215726433,8.775348706981699,0.7306813827033102,13.368257368325004,12.778514774013257,1.234027015214241,0.2375,0.23287037037037037,0.026238198732045845,0.125,0.12962962962962965,0.022859309065978717,2.0,1.8505110116221226,0.3673612293044428,1.0268110099509322,1.1880644959858309,R,553661824_20201116_Hands_R_L.mp4FT,0,1,0.5
1.0,2.0,1.1610087293889428,0,4,1.061298982147221,1.0,2.0,1.3918525703200777,0,4,1.21328387885895,2.0,2.1622776601683795,1.9518264624200055,0.0,5.656854249492381,1.4401324966914282,0.0,1.0,0.5906886517943744,0,5,0.8421893153718494,1.0,3.0,1.5926285160038798,0,8,1.608327015042298,1.0,3.1622776601683795,1.8030534984387498,0.0,8.602325267042627,1.7118339245839633,1.0610455956113718,0.6108643020548932,0.0005339805825242713,0,0,0.0,0.4041666666666667,0.014583333333333337,0.4041666666666667,0.37916666666666665,0.42916666666666664,0.015138251770487452,2.4742268041237114,0.08931012596426147,2.4777087967186047,2.330097087378641,2.6373626373626373,0.09304347755929586,0.3483773229045374,-0.019119824365686034,1,11,0.0,0.0,587.0216396877589,1283.57700570048,791.2695109170533,0.0,2605.7767438102746,695.5520717122197,15942.515001869582,22828.973964207715,20209.85404600091,0.0,107001.84599469644,17514.40344411624,3.368860840674419,7.3663252223453295,4.541019767458575,0.0,14.95430259850707,3.9917065719887854,91.49256323877555,131.0132901773488,115.98241238182014,0.0,614.0733228218782,100.5134801198143,160.8017343948713,5.7606819500646225,160.35647186801,152.07239586934273,167.5152102121955,4.600155462912222,0.028687058335248403,1.9722469794234403,0.9228257179812901,0.03306000073093618,0.9202703990813589,0.8727288821316168,0.9613537112556578,0.02639985062264927,0.5929889444486341,1.1202006162521356,1.0446426530890371,1,1.0366329055184949,154.41849660634483,163.50969432374046,1.0588737613510872,-5.887376135108724,0.09218753522913536,,1.041337261589841,0.007254316295461868,0.028687058335248403,2.7079599288691725,-0.174813101264659,-0.8363150391024772,0.019444444444444445,0.048109965635738834,0.008333333333333331,-3.2229017261401206e-15,-0.7754820936639111,0.0,0.0,11,1,3.6125,0.0,1788.3709994258436,1794.1654278517403,117.4074692476736,2109.8160247980823,2184.3613562247288,238.75560566997257,10.320038298993264,10.353475837007036,0.6775157837008458,12.17498057547135,12.605154558152307,1.3777717237667724,0.21666666666666667,0.21203703703703705,0.013950480716036454,0.1875,0.18935185185185185,0.007112171988767235,1.1555555555555557,1.1226612093209378,0.10115596448839677,0.9698736418324351,0.8384839971816472,L,553661824_20210503_Hands_L_R.mp4FT,1,0,0.5
1.0,2.0,1.5248152059134108,0,6,1.3586777078050611,1.0,1.0,0.8321013727560718,0,4,0.8500600129558002,1.4142135623730951,1.8284271247461903,1.8568288296888968,0.0,6.082762530298219,1.4622749205523182,1.0,2.0,1.2745512143611404,0,6,1.553895090315479,1.0,3.0,1.8606124604012673,0,8,1.7510295190944665,1.4142135623730951,3.0,2.4060471512460477,0.0,8.602325267042627,2.185861605925097,0.9645061338785523,0.8979457248567801,0.00048133680555555565,0,0,0.0,0.37083333333333335,0.014583333333333337,0.37124999999999997,0.3541666666666667,0.4,0.013875688171122263,2.6969696969696972,0.10817477096546879,2.6972947113783796,2.5,2.8235294117647056,0.09886274707091672,0.33390935067128313,0.019889322516984727,1,11,0.0,0.0,646.4149223958805,1416.0061192488429,893.972099760255,0.15795788272384925,2874.6948468207574,809.2056644723929,17092.29108056875,32006.879157259005,25765.733422661724,6.208046389735955,124268.49717225619,23750.718095832603,3.5893703655013853,7.862705865394185,4.963989616098865,0.0008770981665229272,15.962416917595155,4.4933041163215135,94.90895237338641,177.7256984004032,143.07027388837375,0.03447163264147651,690.0299570162483,131.88142900010232,168.55399934054714,6.97867999414143,167.70138588302788,157.46994804274874,178.29206894504009,6.326214515877794,0.03772309025693052,1.7677614722893316,0.935935587590258,0.03875075635390113,0.9312012515289797,0.8743887948421017,0.9900085015106305,0.03512778885879435,0.24471294362496043,-0.9896289352265986,1.0103583819365511,1,0.9757258212609455,175.00819927211563,168.4851677717656,0.9627272806218208,3.727271937817922,0.11678657960220273,,0.9631205854444966,-0.0056547575447471335,0.03772309025693053,3.8687109575142244,-0.21881129758196755,-0.8517581383017672,0.016203703703703706,0.043646339942636246,0.00833333333333336,0.5949387698404711,-0.43027414847451917,0.0,0.0,11,1,3.3541666666666665,0.0,2112.397634369826,2119.0795508688825,114.6444568045734,2725.9974398804243,2614.241039736487,217.20373754949537,11.749748721234266,11.786915416823566,0.6376846564392148,15.162763114378357,14.541142639939274,1.2081481705885497,0.24583333333333332,0.24583333333333332,0.010015420209622197,0.125,0.12453703703703704,0.007202013512085211,1.9666666666666666,1.9805829748420283,0.1402484445407857,0.8989529891038021,0.8788736925830424,R,553661824_20210503_Hands_R_L.mp4FT,1,0,0.5
1.0,2.0,1.1156968876860622,0,7,1.3428545505179912,0.0,1.0,0.39174560216508797,0,3,0.5469680832841516,1.0,2.0,1.29560811683615,0.0,7.0710678118654755,1.3498430270126796,0.0,1.0,0.7232746955345061,0,6,1.1913704570576151,1.0,2.0,1.1786197564276049,0,6,1.3064957894448104,1.0,2.23606797749979,1.5284633506811638,0.0,7.810249675906654,1.6438872877582567,0.9244102151453675,1.5047882836811906,0.004290074309978768,0,0,0.0,0.575,0.043749999999999956,0.5770833333333334,0.4625,0.6541666666666667,0.05297568886867929,1.7392217612771097,0.1315642330960476,1.7484628770937796,1.5286624203821655,2.162162162162162,0.17157174159390962,0.5023550356265333,0.04233739820628031,1,11,0.0,0.0,160.89005334035164,796.9464295105121,478.239478487094,0.0,2580.5482646839996,606.4207124597424,6607.576730386654,15303.645996692918,14466.738460236658,0.0,99674.29355428761,18979.633079247626,1.0481170021522246,5.1917013216937065,3.115487366036057,0.0,16.81096161593073,3.9505230186091738,43.0450072602822,99.69548291540926,94.24345527307096,0.0,649.3274107552197,123.64267219731786,139.7059482590279,7.192707057414339,137.87172750666224,124.21932517405284,148.71964652343712,6.629275273022433,0.04808292021075962,1.9722469794234412,0.9101133142291062,0.04685683422845521,0.8981642973921985,0.809225828494061,0.9688329815239631,0.04318636224766205,0.2790583896272003,-1.1074231420741345,0.9842114819803637,1,0.9343009141434244,139.84199936932106,135.6949372525249,0.9703446594335096,2.965534056649044,0.16474165937130036,,0.9990271083729728,-0.007919102609148522,0.048082920210759626,4.3767763695453255,-0.38573830910100776,-0.3680691862846186,0.04351851851851851,0.07541115122342558,0.022916666666666696,-0.4257886891170183,0.11533531076303172,0.0,0.0,11,1,5.308333333333334,0.0,2483.1522113188307,2398.821364487367,205.51595485782417,1433.3332410001844,1422.8179976018323,193.4890009248992,16.270832624262724,15.718255505710529,1.346641453498011,9.39190322397502,9.323002185787312,1.2678349455721807,0.25,0.25416666666666665,0.04208127057650866,0.3333333333333333,0.32268518518518513,0.06928067108118638,0.7111111111111111,0.8486925693877263,0.32752899496615173,0.8191525176705917,0.831577545426621,L,575614042_20200615_Hands_L_9-_R.mp4FT,2,0,1.0
1.0,3.0,1.6129334582942831,0,8,1.7342520834405908,1.0,2.0,1.3720712277413307,0,7,1.364734482824345,1.4142135623730951,2.605551275463989,2.279218192299517,0.0,10.0,2.0394677551507265,1.0,2.0,1.2136832239925024,0,7,1.6168281585305098,1.0,2.0,1.274601686972821,0,8,1.2867072197184193,1.4142135623730951,1.8284271247461903,1.9953666501810399,0.0,9.899494936611665,1.8400807383027398,1.0700211887114137,1.8866967846580784,0.007690839694656486,0,0,0.0,0.4125,0.07395833333333335,0.41666666666666663,0.3125,0.5458333333333333,0.06479133172475053,2.4242424242424243,0.4419414206401142,2.4580668856887558,1.8320610687022902,3.2,0.3797629336031135,0.043053507674486124,-0.02743404643751711,1,11,0.0,0.0,353.1787083158349,1117.0977173525166,770.783255197236,0.2274070038879472,3456.2453360945597,892.9624551425558,14889.058564213565,38874.0176925008,28562.973497818522,6.186806754021745,151143.31966935287,32509.095428305776,1.8584517773482467,5.878248573322503,4.055916953211583,0.0011966320183070395,18.18701166456615,4.698832695148977,78.34729755837442,204.557878411765,150.30042189265083,0.03255542233233655,795.3270241382438,171.0651994476688,159.59618031307184,10.955147546807439,158.69629555608924,139.52004901192862,183.46926913705124,11.820273134306529,0.07448361093046939,1.893788232391138,0.8398065851001923,0.057646774706672455,0.8350713267546428,0.7341645375464061,0.9654284963622979,0.06219912780118371,0.058485356921674225,-0.9039638941105858,0.9484328660432492,1,0.9840722610206564,163.89731017562934,154.98609502290736,0.9456292776057589,5.437072239424112,0.23954540360812482,,0.9737571662527683,-0.005515428490814859,0.07448361093046939,4.610085290164477,0.2953322856104666,-0.15912066407893377,0.10185185185185183,0.2444444444444444,0.03958333333333333,0.36877948294958734,-0.45612414747130137,0.0,0.0,11,1,3.754166666666667,0.0,3181.0025873278073,3014.893293786693,345.82222931924775,2605.044948130102,2496.477360853541,505.8854524646451,16.701234924027116,15.829110410345152,1.8156723030720203,13.677281445696401,13.10726846065075,2.656053100968168,0.22083333333333333,0.23055555555555557,0.03653596232768307,0.2,0.19953703703703704,0.0697339643843064,1.0192307692307692,1.2932892398543536,0.5221709875666375,1.2038031644922333,0.9728438505068397,R,575614042_20200615_Hands_R_9-_L.mp4FT,1,1,1.0
0.0,0.0,0.2027128862094951,0,2,0.40389049379675485,0.0,1.0,0.33911077618688773,0,2,0.50124197724828,0.0,1.0,0.48520606145142237,0.0,2.23606797749979,0.5788218736601162,0.0,1.0,0.6616428033157498,0,4,0.9378090271643131,1.0,2.0,1.199698568198945,0,8,1.4691194270899017,1.0,2.23606797749979,1.4891242965035514,0.0,8.54400374531753,1.6423624282614244,0.9193544499871849,1.4708084763221119,0.0024945023148148135,0,0,0.0,0.53125,0.038541666666666585,0.5262499999999999,0.4666666666666667,0.6,0.038687225138136855,1.8823818897637796,0.1431106251433576,1.910482000427502,1.6666666666666667,2.142857142857143,0.13984679678197126,0.05706309170448287,-0.011630628878748647,1,11,0.0,0.0,154.5071170408056,683.9284760559005,377.7812934042466,0.0,1693.3271832069045,424.16150145327885,5768.610787625948,11980.609252813874,10767.028775546105,0.0,64079.195262022564,12251.760019580533,1.4157437283576435,6.266814559523777,3.4615978025572756,0.0,15.515902345453828,3.886578152478632,52.85759452595809,109.7779360357602,98.6579372780621,0.0,587.1555987058935,112.26248176311196,97.12657892575521,3.9097993291454998,97.88375567697722,94.07349510628212,105.89930885499605,3.5618014648936343,0.03638807522514575,1.5941666991180186,0.8899677089609983,0.03582536510543333,0.8969056951025536,0.8619924004292381,0.9703519502553216,0.03263667190325336,0.3476679369969863,-0.6641283635770479,0.9945417143813293,1,0.9658752618124609,102.51493269846448,97.0209571586158,0.9464080461720776,5.359195382792237,0.11167035815981174,,0.9474383523368398,-0.0064783573094712435,0.03638807522514575,2.577299630079608,0.9803238637721292,-0.06499202610526389,0.052777777777777764,0.10029031406703615,0.024999999999999967,0.2054883434973095,-0.5910707219179914,0.0,0.0,11,1,4.6625,0.0,957.9914337599189,995.5357694193511,114.57721413074738,1381.732565734194,1409.058231980913,169.43967994186815,8.835263102291696,9.181523070661065,1.0567107352929246,12.743298452421845,12.995314746333383,1.5626905413745844,0.2375,0.24212962962962964,0.014088077828428651,0.2875,0.28009259259259256,0.03190080217954113,0.8695652173913044,0.8801258067801945,0.14623153256493276,1.037841496098339,1.1052360962410976,L,751297988_20200824_Hands_L_R.mp4FT,2,1,1.5
0.0,1.0,0.4699140401146132,0,3,0.6354703995577213,0.0,1.0,0.37822349570200575,0,3,0.5314587660051449,1.0,1.0,0.7135530310933947,0.0,3.605551275463989,0.7355170550660763,0.0,1.0,0.33882521489971346,0,3,0.6024874853664883,1.0,1.0,0.6755014326647565,0,4,0.8002516388786926,1.0,1.4142135623730951,0.8483032397519004,0.0,4.47213595499958,0.924597307351516,0.5474552382394057,1.4708084763221114,0.003762760416666665,0,0,0.0,0.5333333333333333,0.06562499999999993,0.5537500000000001,0.5,0.6666666666666666,0.05008499719920571,1.8754578754578755,0.2181149089944634,1.8196667693593684,1.5,2.0,0.15310745617645466,0.33710400996501866,0.03094933528946984,1,11,0.0,0.0,124.10969800212456,404.77689645276655,264.31261920868945,0.0,1424.4320791773907,312.6960599726734,4707.2801471288585,8983.299427289217,8524.102564826831,0.0,70148.53952506087,10609.330436219629,1.466140796967883,4.78173689173974,3.1223951102407845,0.0,16.82719414687478,3.6939615352959905,55.608349529176195,106.1220999949617,100.69748560356005,0.0,828.6833124325582,125.33083579647656,72.99456744888474,5.142823886548825,71.90372475557389,60.63868150416728,80.84563709908238,5.730610077376009,0.07969837580537549,1.8937882323911386,0.8623041955351559,0.06075354330135463,0.8494177813267353,0.716340836040702,0.9550509647182863,0.06769721755194644,0.07306196236635731,-0.4898312916823376,1.124359515086391,1,0.9669651862586849,75.34738141850141,72.76303597616538,0.9657009255838392,3.4299074416160757,0.24994491131475605,,0.968773779190169,-0.006500972992832645,0.07969837580537552,2.352813969616676,-0.5736566296437695,-0.504101985575284,0.05462962962962961,0.09865395869910538,0.029166666666666674,0.9586720621813789,-0.053466079746363526,0.0,0.0,11,1,4.995833333333334,0.0,763.1873230413589,754.8901212511295,58.01486412151043,1125.5133747623745,1174.7220188045394,106.59891523498435,9.063226803138637,8.964693429501635,0.6889551956800846,13.366027811869944,13.950404790056318,1.2659148240213323,0.30416666666666664,0.30138888888888893,0.10553727911951596,0.2791666666666667,0.2689814814814815,0.0736271238115966,1.1666666666666667,1.1955621406239934,0.4515073081805901,0.9870630557175831,1.114717198350869,R,751297988_20200824_Hands_R_L.mp4FT,1,1,1.0
0.0,1.0,0.32944068838352797,0,2,0.5016382448731144,0.0,1.0,0.47080516287645974,0,2,0.571481240620773,1.0,1.0,0.702725036782159,0.0,2.8284271247461903,0.643892792578153,0.0,0.0,0.24339274738783037,0,2,0.44183257531137404,1.0,1.0,0.9004302397049785,0,4,0.8472340835910733,1.0,1.4142135623730951,1.030695297369748,0.0,4.123105625617661,0.848942558151454,0.5151187931134753,1.3592367006650066,0.003739047619047618,0,0,0.0,0.6354166666666666,0.04687500000000011,0.64,0.525,0.7291666666666666,0.05221483399273513,1.5737874097007225,0.11232719554867199,1.5735407935509849,1.3714285714285714,1.9047619047619047,0.1363634061225041,0.13052112805099503,-0.017151862073069863,1,11,0.0,0.0,125.76758102482955,264.82414710940554,202.38660180428843,0.0,1040.8749162138156,200.83737309061533,4372.620054316838,6671.938604481975,6364.0777919273705,0.6656112650489376,32124.89495886838,6141.356555164347,1.5250514708623175,3.2112445176895688,2.4541299295843584,0.0,12.621597783948797,2.4353440587801582,53.02217464166476,80.90359772650572,77.1704927309134,0.008071169304102455,389.5448883496315,74.4697860229529,61.29756814061442,8.32315912131137,62.47590909727646,51.167636168606045,74.35211259843248,6.643935678062432,0.10634396160154577,1.972246979423441,0.7432912813570991,0.10092621609436236,0.7575797855526276,0.6204562269832947,0.9015900421713244,0.08056403562491594,0.42004576198214083,-1.3616758117687349,0.8189978650640655,1,0.8423985455252831,66.07458574768147,56.69165601601169,0.8579948761616107,14.200512383838927,0.3118200091373762,,0.9277026476517158,-0.020608162674958776,0.10634396160154577,4.7770176070670445,0.155276429481923,-0.7605096522747932,0.06666666666666664,0.10416666666666662,0.02083333333333337,-0.4471075101962711,0.3705000740910096,0.0,0.0,11,1,5.791666666666667,0.0,502.038599910361,560.5350661313269,111.63523563865319,658.3675315148014,742.9481003401452,182.82743271686826,6.1332719235229645,6.847907678547416,1.363817954517189,8.043100863399403,9.07639915589067,2.233554073595866,0.37916666666666665,0.3879629629629629,0.06833684624112978,0.25,0.26620370370370366,0.06794050491794126,1.3818181818181818,1.5973405586492682,0.6295175321729752,0.6830518642494912,0.6392076129502987,L,759859453_20200914_Hands_L_R.mp4FT,2,2,2.0
0.0,1.0,0.41154138192862566,0,2,0.5531332516432302,0.0,1.0,0.44267274107820803,0,2,0.5639928377167138,1.0,1.0,0.7358661891654069,0.0,2.8284271247461903,0.6692314483388861,0.0,1.0,0.5740318906605922,0,5,0.8275953817629772,1.0,2.0,1.09415337889142,0,7,1.1057676434308044,1.0,2.0,1.3619873353256446,0.0,8.06225774829855,1.2567063792395412,0.5918396922090597,1.5571130980576458,0.007777335456475585,0,0,0.0,0.5125,0.062499999999999944,0.5270833333333333,0.42916666666666664,0.6541666666666667,0.07132793009131214,1.9523809523809523,0.24203621755641325,1.929820514737172,1.5286624203821655,2.330097087378641,0.2429728329608326,0.12944250645286626,0.03043471225172497,1,11,0.0,0.0,131.96784564057126,459.90628524184933,300.26298947753384,0.023606441739616457,1669.5872593906859,352.7739896455892,5535.010643441461,10306.282128615721,10152.021777703987,0.37374485253849343,78301.45245470505,12449.417528361277,1.244946833861651,4.3386240860848915,2.832594987524511,0.00022269640577277094,15.75040770230754,3.3279687134863694,52.21570407924166,97.22651182660425,95.77126388703856,0.0035258018229011867,738.6734613047634,117.44423696638935,75.7679776438008,13.377117349402397,75.04922248201761,61.12044525948639,101.89698029667717,10.863380738445088,0.14475007707172502,1.6417347121875219,0.714773386031173,0.1261958911998361,0.707992855829742,0.5765927634922225,0.9612669085007147,0.10248202044758584,0.0038087666048437496,-0.21201040770619656,1.0548998186280583,1,0.9789934312980936,75.7679776438008,70.7017110839744,0.9331344623761261,6.686553762387392,0.4001741260483702,,1.0,-0.002798153181584148,0.144750077071725,5.281497621733266,1.0233886857589265,0.8271838211341205,0.05648148148148148,0.10715854194115063,0.033333333333333326,0.7513401442004702,-0.5378546577582859,0.0,0.0,11,1,4.733333333333333,0.0,877.6917239498903,857.0006017066896,95.56299337275908,1330.254583054193,1373.1356196697006,243.85225264273467,8.348693956319137,8.15187787328275,0.9090050224336733,12.65351842208374,13.061407253052174,2.3195477094295103,0.37083333333333335,0.34861111111111115,0.08722399148948656,0.1375,0.14583333333333334,0.059706070167235205,2.848484848484848,2.7925446171378034,1.352427345254604,1.1138500894247216,0.6519010185061034,R,759859453_20200914_Hands_R_L.mp4FT,1,3,2.0
0.0,0.0,0.18143681174619822,0,2,0.3867379769139924,0.0,0.0,0.248557944415312,0,2,0.4382017014721887,0.0,1.0,0.394295740604831,0.0,2.23606797749979,0.5299228540930532,0.0,1.0,0.36706869428421607,0,3,0.5715928277862119,0.0,1.0,0.5857367593078133,0,4,0.6826688273004623,1.0,1.4142135623730951,0.7840185994953062,0.0,4.47213595499958,0.80987462098635,0.4964243968384858,1.834371970281624,0.00665378421900161,0,0,0.0,0.7354166666666666,0.08125000000000004,0.7466666666666667,0.5958333333333333,0.8625,0.07575545451575674,1.359784283513097,0.14248557682496688,1.3537786383758568,1.1594202898550725,1.6783216783216783,0.14410225982516683,0.05517773753643862,0.011784896202737578,1,11,0.0,0.0,85.89898761090552,288.8738725396101,180.32295374016735,0.0,933.0438921663335,195.48545449638056,3653.990386423584,5044.986040031305,5277.9283634402655,0.0,36888.51813907104,5434.914415018853,0.9676358506474547,3.2541095437683674,2.03130397210265,0.0,10.510562992632538,2.2021066756646457,41.161510678572895,56.83081365827285,59.454864878587664,0.0,415.54218066352,61.22328306119902,64.44342081315888,9.709464074980403,65.58680142262159,54.89472893334745,83.81073465410628,8.651618266010047,0.13191096498610483,2.0198149924929454,0.7259429482409426,0.10937527659908974,0.738822914576085,0.6183787400159932,0.9441120760091276,0.09745884361557784,0.18653895085629812,-1.1816316466558883,0.88905667898296,1,0.9253237288345871,64.44342081315888,60.74731581804872,0.9426457356162656,5.735426438373437,0.3450155381658154,,1.0,-0.01833595472968144,0.13191096498610477,6.101611144882682,0.6907637959407733,-0.41249171950903785,0.1166666666666667,0.15625000000000003,0.04583333333333334,-0.21566407352855396,-0.43277019302044994,0.0,0.0,11,1,6.745833333333334,0.0,465.91522523299545,499.419399614845,62.811302085504394,717.4342388318996,730.0121520571884,146.00832492338284,5.30213519802683,5.683414136018172,0.7147953052079483,8.164432334397159,8.307569525065652,1.6615809848112724,0.325,0.3467592592592592,0.06780787633659134,0.4,0.3944444444444445,0.07619925957969557,0.8765432098765432,0.9196246840183697,0.2667008165636841,1.0286459613930121,1.2453841042297638,L,759859453_20210104_Hands_L_R.mp4FT,2,2,2.0
0.0,0.5,0.25537493445201886,0,2,0.4479355470212148,0.0,1.0,0.2842160461457787,0,2,0.45796276207435105,0.0,1.0,0.4785166220651599,0.0,2.23606797749979,0.5721827559201911,0.0,1.0,0.36444677503932876,0,3,0.5494476853766336,1.0,1.0,0.6932354483481908,0,4,0.7764030172152202,1.0,1.4142135623730951,0.871583782638937,0.0,5.0,0.8708805616331808,0.5806262886379667,2.0253262207700677,0.009393457602339178,0,0,0.0,0.7333333333333334,0.109375,0.7570833333333334,0.6208333333333333,0.95,0.09446578598742625,1.3640326799496236,0.19802247188453004,1.3404716822438676,1.0526315789473684,1.610738255033557,0.15858095522404878,0.09924008042507182,-0.01739272414854874,1,11,0.0,0.0,121.7273001165637,294.8506928431823,202.659867111544,0.0003076276811952994,1233.1146188770817,211.43594252925192,3897.6448938991894,5714.236041013095,5620.545130198611,0.07383064307759923,39148.142636397686,5763.983203604835,1.246543420671098,3.019406418215415,2.075330051188746,3.1502486252943385e-06,12.627659642682133,2.165201091298742,39.91367256112868,58.5163996430183,57.556961716271076,0.0007560596702704814,400.8949478725425,59.02583341971852,72.97232337620521,16.598172334497107,74.98418296950429,61.74169307133393,87.89902975167246,9.212125680797179,0.12285425160321753,1.8937882323911377,0.7472700824596328,0.16997290253640607,0.7678724480500922,0.6322632737723356,0.9001264064462049,0.09433639493192461,0.3255007637003515,-1.6620185256636393,0.8726112747954093,1,0.8669461170104408,83.05870840207614,69.6285111807172,0.838304766836186,16.169523316381394,0.29758390683306535,,0.8785631847651172,-0.02001016579282727,0.1228542516032175,10.079935082832229,-0.011834862272392953,-1.5040378559508027,0.12916666666666662,0.17061089708310392,0.054166666666666696,0.654628989492127,-0.4388655355054927,0.0,0.0,11,1,6.7625,0.0,619.900879434631,621.4328925487384,151.6604559544906,660.6429434114,779.4593195174017,287.40217514521714,6.424203050380801,6.4400797230028,1.5716989539578838,6.846424247932707,8.077750982799616,2.9784276672391425,0.2625,0.30925925925925923,0.09881195856275118,0.4125,0.43194444444444446,0.1115961634811148,0.6276595744680851,0.775560158037702,0.37369617041512865,0.5988606581029914,1.3710232946159246,R,759859453_20210104_Hands_R_L.mp4FT,2,3,2.5
0.0,0.0,0.20627261761158022,0,3,0.4178285275011165,0.0,1.0,0.31242460796139926,0,2,0.4826070467427293,0.0,1.0,0.46625852523889233,0.0,3.605551275463989,0.5746744783246518,0.0,0.75,0.25271411338962607,0,2,0.44008496992486307,0.0,1.0,0.5,0,3,0.6205663003841708,1.0,1.0,0.6563043173484385,0.0,3.1622776601683795,0.6796369472463734,0.2009454709791076,1.74806734854609,0.009292929292929296,0,0,0.0,0.63125,0.12083333333333335,0.6666666666666667,0.5416666666666666,0.825,0.08755950357709133,1.5841756709654933,0.2681145576676147,1.5253836766989144,1.2121212121212122,1.8461538461538463,0.19464332978900417,0.0023951333607550307,-0.0033164801417035357,1,11,0.0,0.0,86.01719667655573,169.85825504347446,123.04959850212488,0.24885416836582408,581.8647410277737,114.44384547409767,3540.712147079307,4784.83167643476,4765.595463385079,1.8277930564408962,27173.554682299484,4194.868791858805,1.2566566109344257,2.481521223306072,1.7976764810409829,0.0036356013439098334,8.500674303903297,1.6719518951142383,51.72755563953153,69.90335177987873,69.62232292480846,0.02670289566224504,396.98837503973573,61.284368742147144,37.786437317923045,7.184741523500392,38.93514855688686,23.774814443005894,62.85208154389173,9.114189358826335,0.23408641540200867,1.6726254461503207,0.552035849735719,0.10496451037938315,0.5688177913505634,0.3473349388016664,0.9182289918156298,0.13315251779414106,0.004184011915013164,0.18642944370642098,0.6106260107950866,1,1.0614089287460253,40.50656116668837,37.685845485327064,0.9303639805474033,6.963601945259668,0.6217338573519934,,0.9328473271880139,0.004602450524971625,0.2340864154020086,3.7024044526567224,1.1958180420121653,2.0384435160251515,0.12916666666666668,0.19375,0.07083333333333336,0.3850254340453496,-1.0476934172180237,0.0,0.0,11,1,6.125,0.0,348.2812059738319,355.26517072150153,69.75609685045052,392.8410006255592,436.5373290475607,99.49336389672791,5.164496751125781,5.268058650621519,1.0343800623638437,5.82525280331129,6.4732049244731416,1.4753398856722495,0.25833333333333336,0.26712962962962966,0.039009952653594256,0.44166666666666665,0.41805555555555557,0.05129495920172052,0.611111111111111,0.6535929029380267,0.1482231718306954,1.2004220432744936,1.4116902105939166,L,759859453_20210426_Hands_L_R.mp4FT,2,2,2.0
0.0,1.0,0.3655336911150865,0,3,0.5265337917342771,0.0,1.0,0.38044126416219437,0,3,0.512967487363034,1.0,1.0,0.6419047863242489,0.0,3.605551275463989,0.6377163609640167,0.0,1.0,0.569469290399523,0,5,0.7648965179456941,1.0,1.0,0.791293977340489,0,5,0.871243667960886,1.0,1.4142135623730951,1.095104994170179,0.0,6.4031242374328485,1.0465747441794997,0.5152107182124429,1.6434177197931792,0.006661512027491408,0,0,0.0,0.6708333333333334,0.11250000000000004,0.6675000000000001,0.5791666666666667,0.8083333333333333,0.07338066654250437,1.4916039374638101,0.26732137517119425,1.5157652841248073,1.2371134020618557,1.7266187050359711,0.16118025059253702,0.0067802712359543715,-0.004620706526409051,1,11,0.0,0.0,132.59858340293277,344.4662375688738,252.1771961056781,0.0,1632.1801526231661,273.4734873087127,5070.682094020402,7459.8343204095345,7849.594709445988,1.134547403353281,83327.8884501844,8804.628914195007,1.2097283218643442,3.1426471747955254,2.3006723633717843,0.0,14.890766600523367,2.4949634783884136,46.26103524550203,68.05783758935203,71.61371404940105,0.010350745019294116,760.2200873671724,80.32671758370971,80.51709102546533,17.052855448209783,78.91110535630446,49.25811258424899,104.98142092216152,14.618600202662105,0.18525402903248242,1.798652206252129,0.7345765158866696,0.15557724430336317,0.7199247277707402,0.44939344256546704,0.9577703991993872,0.13336895641964272,0.6288410113490719,-3.665862891450556,0.9033187668853213,1,0.7763509323057844,89.3292751905962,66.33070001669992,0.7425415674220385,25.745843257796153,0.5307920949100944,,0.9013516661102547,-0.04103764285144977,0.18525402903248242,9.235208641450711,-0.1633520197812433,-0.23720349854376277,0.12037037037037039,0.18033014287695937,0.07291666666666674,0.4402685040626388,-0.9391368073549247,0.0,0.0,11,1,5.9625,0.0,788.6353755731659,790.5319751970846,204.43078262737387,874.7236903780731,971.7123128846257,293.45146260438213,7.28758623353795,7.305112245859878,1.889094762080479,8.083107252849006,8.979355344275113,2.711713049307496,0.2125,0.2587962962962963,0.09784413082500076,0.4166666666666667,0.40601851851851856,0.0972839310334003,0.6346153846153847,0.6988718048802043,0.3393672712319923,0.5526149544157314,1.0945588520153735,R,759859453_20210426_Hands_R_L.mp4FT,2,3,2.5
0.0,1.0,0.6020782396088019,0,4,0.7660080267575843,0.0,1.0,0.38202933985330073,0,2,0.5187391042787088,1.0,1.0,0.8496039084268068,0.0,4.123105625617661,0.8015462415045073,0.0,1.0,0.9492665036674817,0,7,1.3939243646463635,1.0,2.0,1.4657701711491442,0,10,1.8088824457879848,1.0,3.0,1.8607718855938997,0.0,10.44030650891055,2.1913917761171073,1.0655508941039917,1.3592367006650066,0.009269549763033173,0,0,0.0,0.6083333333333334,0.05312499999999998,0.6512499999999999,0.5833333333333334,0.8791666666666667,0.09027446575121154,1.6439127375087965,0.1317545860274496,1.5602454191733082,1.1374407582938388,1.7142857142857142,0.17944059179827684,0.4850040026716673,0.04350772552005957,1,11,0.0,0.0,150.57302036331748,780.8054754013318,492.134251968501,0.0,2575.104348316437,628.8848949182434,5822.3748559419055,18861.189895831114,13663.785551584115,0.0,88694.63364601793,16206.4615535114,0.8815301300768397,4.571227638486729,2.881201227857782,0.0,15.075954946346837,3.681808214266761,34.08710837924277,110.42288414057693,79.9946672090796,0.0,519.2629579086155,94.88077031914382,157.18002494175875,9.362768618759503,155.81999343953785,143.8236187647006,166.9309972244505,7.431414734597854,0.04769230552869605,1.7201934592198251,0.9202108551588839,0.05481435265400858,0.9122485472755163,0.8420157412785149,0.9772979471491745,0.043507236434773035,0.42492878729682115,1.5318970369962055,0.9916763448354027,1,1.0752373023060768,145.82945966541357,157.59538017210917,1.0806827408789073,-8.068274087890725,0.13842473143966427,,1.0778345150725206,0.010504715854470978,0.047692305528696036,5.504284214243114,-0.06652399502505632,-1.04209947230284,0.052314814814814786,0.08032985000355439,0.016666666666666663,1.6172190716424466,1.3239424128465949,0.0,0.0,11,1,5.929166666666666,0.0,2013.7554135926803,2004.3586899574957,85.9661631122572,1965.525282537767,1934.9202600166852,351.59642891268874,11.805052569337375,11.749967023325121,0.5039515066598338,11.522317521830535,11.342904521965496,2.061131306458214,0.3125,0.3351851851851852,0.05300066645542103,0.3,0.2949074074074074,0.04104996286603868,1.1029411764705883,1.146216713024304,0.16853178938371555,0.9724243692252074,0.8858299184705007,R,865123482_20200713_Hands_R_12_L.mp4FT,0,0,0.0
1.0,1.0,0.8927659574468085,0,9,1.1787077347449144,1.0,1.0,0.8757446808510638,0,6,0.9613194493758579,1.0,1.0,1.4146316668109729,0.0,10.295630140987,1.3697678839008627,1.0,1.0,1.294468085106383,0,15,2.1093740207985254,1.0,2.0,1.6391489361702127,0,11,1.8858936927545011,1.4142135623730951,2.1622776601683795,2.342060840385761,0.0,16.15549442140351,2.6235970838201164,0.8841870958137918,1.9722469794234412,0.024571280991735535,0,0,0.0,0.425,0.11458333333333331,0.41704545454545455,0.20416666666666666,0.6666666666666666,0.12798771032599324,2.3529411764705883,0.7667738503651815,2.6485298896813734,1.5,4.8979591836734695,0.890938690215778,0.010616998707826286,-0.02903011133482343,1,12,0.0,0.0,168.37359698133355,736.1938943869977,575.1899399092995,0.19027827704803713,4269.882628533533,826.2549293466927,10089.204748084785,31090.024091913187,26712.670718490164,4.594461081205736,218673.60542006913,36876.55470138093,1.0495480369198296,4.589026251734097,3.58541649706972,0.0011860897179083452,26.61609071137378,5.15041701691089,62.89053169428254,193.7980439835534,166.51203998798837,0.028639333571167658,1363.09051662215,229.86808079827375,111.05316158264591,36.87626156597513,117.82104425913239,90.00267301416835,157.26952966621602,22.426033593656314,0.1903397965505475,1.8200759753606217,0.6922440918437391,0.22986625355400725,0.7344313355954873,0.5610269690326231,0.9803314123340947,0.1397915109975919,0.6629410638455087,-5.289474564914489,0.8002945994030353,1,0.7975728849368393,149.60408733377497,94.29154541660965,0.6302738588033361,36.97261411966639,0.42771703326647414,,0.7423136864895956,-0.035356484299211496,0.1903397965505475,17.274416289166716,0.4588923113548704,-1.2283284512729562,0.19291666666666668,0.4625794732061762,0.0708333333333333,0.4818563828071327,-0.3515929338951298,0.0,0.0,12,1,3.7875,0.0,1872.8098497699812,1978.6310688141723,535.2445286826922,3411.1424130228415,3228.2713260016676,824.8886213186421,11.728596217246878,12.391308638125372,3.352004452123603,21.36250618651107,20.21726384397224,5.1659198422285515,0.22708333333333333,0.24041666666666667,0.08783764220929936,0.1625,0.16916666666666666,0.07581043610362773,1.2543123543123542,1.9957189200368954,1.6109754835713603,0.6977927936554488,0.8151942677566434,L,879885247_20200608_Hands_L_11_R.mp4FT,2,2,2.0
1.0,2.0,1.3456632653061225,0,8,1.5564731747616478,0.0,1.0,0.514030612244898,0,3,0.5953108252457091,1.0,1.2360679774997898,1.6122892565894877,0.0,8.06225774829855,1.5008544797589964,1.0,2.0,1.503826530612245,0,12,1.9192860201260336,1.0,1.0,0.7104591836734694,0,7,0.9362827026889025,1.0,1.2360679774997898,1.8188500479267125,0.0,12.649110640673518,2.004573549511689,0.9923272052109884,1.5571130980576455,0.012433080808080808,0,0,0.0,0.30000000000000004,0.12395833333333336,0.3070833333333334,0.2,0.4125,0.07161456439393689,3.3494863345609613,1.409008374309101,3.448503206027054,2.4242424242424243,5.0,0.8388960864069063,0.4273646082820729,0.19093276898700903,1,11,0.0,0.0,300.58772394000243,876.1317661579443,615.8291183281942,0.09168747085510631,4218.44042454691,739.7807422353171,16766.37566796146,31759.312419353086,29647.566649452237,44.07504392120245,210247.63266123828,35956.2505677671,2.008835119506993,5.855210046851647,4.115601077439981,0.0006127496128593979,28.19194065313619,4.943972815183509,112.05009914301046,212.24826258082228,198.13541389079364,0.29455459777922854,1405.0900773559326,240.2965029960475,93.87237229499344,35.66205175308205,93.92872638858508,55.70414281376328,147.61569592486507,28.73836877820151,0.3059593149310924,1.7986522062521293,0.6273513626766005,0.238330365113535,0.627727978464002,0.3722721504377083,0.9865193104942749,0.19205922225392558,0.13053696734493525,3.283438399401279,0.8340395401002596,1,1.539431369140888,84.85926049093206,93.87237229499344,1.1062124717080761,-10.621247170807614,0.6226407871821698,,1.1062124717080761,0.03869275292296641,0.3059593149310925,19.860414083946253,0.4759658830821945,-0.7942015813918717,0.07824074074074074,0.2547866726971204,0.06875,0.04581043891796764,-1.40414157674675,0.0,0.0,11,1,2.870833333333333,0.0,1594.0722114568894,1473.5865171842383,349.52046013347064,2569.2548397579267,2706.6236434818843,858.8797754311886,10.671244540642984,9.864673609921141,2.339805107469683,17.199438322326476,18.119030349750503,5.749624169323031,0.1875,0.19537037037037033,0.06344788751981444,0.07916666666666666,0.1175925925925926,0.0689364133164236,1.875,2.386701150089367,1.8356624722426933,1.6429371346427442,1.2688038912752346,R,879885247_20200608_Hands_R_11_L.mp4FT,2,2,2.0
1.0,1.0,0.711139896373057,0,5,0.8429717025558058,0.0,1.0,0.582901554404145,0,3,0.6711044764324995,1.0,1.4142135623730951,1.088392036525656,0.0,5.0,0.9065756773515156,1.0,2.0,1.6411917098445596,0,12,2.0390012361368357,2.0,2.0,2.1541450777202074,0,10,2.1000421707310615,2.23606797749979,3.0,2.8650026621045592,0.0,14.212670403551895,2.7736824169826773,0.7243161717411997,1.0296530140645737,0.003120481927710844,0,0,0.0,0.30833333333333335,0.057291666666666685,0.30333333333333334,0.25416666666666665,0.3458333333333333,0.03285067224071171,3.2527472527472527,0.632352941176471,3.336648261181608,2.891566265060241,3.934426229508197,0.3697765590483247,0.06245836248355163,0.032174195726577794,1,11,0.0,0.0,305.8673222254322,1062.9503414185467,665.0135381903037,0.33397533952751246,3576.392377502127,756.7535044760926,18017.13946551763,38112.64958754364,30734.061443423663,11.241690799238313,186764.9401498991,35017.72688914181,2.58633605831208,8.988036957343521,5.623184852089605,0.002824010283030143,30.241061703835136,6.398914606634596,152.3483356386818,322.27084341303396,259.87938414329716,0.09505686994757401,1579.2366952562697,296.100966505864,98.53138051530195,21.25396891320085,100.0550095258306,84.29318669891092,116.55150864319813,11.196393544933828,0.11190237848154243,1.9722469794234414,0.8331562209648885,0.17971813982122786,0.8460396392416413,0.7127616858290723,0.9855298279703183,0.09467384792080577,0.8908396421721715,-3.341780516168712,0.881878713474659,1,0.8194161013526758,115.76723694542696,88.33813310095752,0.7630667832436944,23.693321675630564,0.276773096460213,,0.8511162839772185,-0.028866375360967103,0.11190237848154241,10.294997437967709,0.127704163870982,-1.4438862627538758,0.05648148148148148,0.18620268620268618,0.029166666666666674,-0.14221367031950571,-1.5754361642392527,0.0,0.0,11,1,2.75,0.0,1595.302460030074,1626.601010707144,265.32131546785587,2627.9423766353184,2767.8069026113135,401.6671197740738,13.550868016902834,13.816725144295045,2.2537006104210344,22.32235027152145,23.51039189950945,3.411853402824546,0.15416666666666667,0.17916666666666664,0.05174426669499211,0.12916666666666668,0.12175925925925928,0.03285406481335217,1.5161290322580643,1.6075684558606758,0.7545365021548737,0.6669742379924358,0.7100639647658441,L,879885247_20200803_Hands_L_R.mp4FT,1,1,1.0
0.0,1.0,0.5400410677618069,0,5,0.6796683561037679,0.0,1.0,0.47433264887063653,0,3,0.6318532406195956,1.0,1.4142135623730951,0.8691258305929654,0.0,5.0990195135927845,0.7889510119267978,1.0,1.0,1.0605749486652978,0,10,1.498605127634231,1.0,2.0,1.4856262833675564,0,10,1.6758027798178157,1.4142135623730951,1.8284271247461903,1.9399865529561864,0.0,12.806248474865697,2.14999747333219,0.6685558826565476,1.054920167986144,0.0032634920634920625,0,0,0.0,0.38125,0.0625,0.38083333333333336,0.32916666666666666,0.4375,0.037785946829182106,2.6249103514224243,0.4457129092522094,2.651773001877654,2.2857142857142856,3.037974683544304,0.2622815026734764,0.22360430695063238,0.0431798143857686,1,11,0.0,0.0,193.22515018496688,641.5655270886364,459.6280899760323,0.1100597958719618,2832.413831246651,572.9526489728848,8280.291732935757,17949.74693239093,19528.01726073712,37.63307227485484,151343.09525550422,28317.833930291883,1.6698497344857843,5.544402599965215,3.972101164232424,0.0009511356090979861,24.4776908157844,4.951450822237436,71.55819487510603,155.12152595274281,168.76092168468116,0.3252246184620611,1307.9054521978292,244.72242575278267,84.16031743261635,13.05046762365967,87.55940700730349,65.0666483693041,112.35458997136502,12.429683083871378,0.14195714097098208,1.8462202193216337,0.7273125862992791,0.11278200521734716,0.7566874829850956,0.5623052972108206,0.9709671957938592,0.10741719169309283,0.1364620219004523,-1.4519977940900177,1.0076556424307312,1,0.9624243269252305,98.30477695962368,82.48057507150506,0.8390291664603641,16.097083353963594,0.4208812618524338,,0.856116254321834,-0.014770368633117353,0.1419571409709821,5.266618763933536,0.3241361670099632,-0.2606838445032311,0.05972222222222222,0.15681983953318743,0.033333333333333326,0.11510800563519563,-1.4149925623400803,0.0,0.0,11,1,3.466666666666667,0.0,961.7234236457807,991.369106647854,162.9237873649606,2547.7606817799187,2388.455426530058,488.17198960930784,8.388797521287367,8.647387076215646,1.4211306806116883,22.223279548633215,20.833712135060168,4.258163912522949,0.3,0.28194444444444444,0.049261521808244994,0.1,0.10972222222222222,0.039528470752104736,2.1818181818181817,2.918749986397045,1.217069237371204,0.7885264570057406,0.8421181321052147,R,879885247_20200803_Hands_R_L.mp4FT,1,2,1.5
0.0,1.0,0.425,0,2,0.5571130944431301,0.0,1.0,0.533,0,2,0.5855860312541616,1.0,1.4142135623730951,0.8089116165786312,0.0,2.8284271247461903,0.6809273063728211,0.0,1.0,1.063,0,10,1.6658424295232728,1.0,2.0,1.607,0,10,1.9510384414459903,1.0,3.1622776601683795,2.0843025987105346,0.0,13.45362404707371,2.4391971377911443,0.5800385834848243,1.3592367006650068,0.0043696969696969705,0,0,0.0,0.38958333333333334,0.054166666666666696,0.3883333333333333,0.3,0.4583333333333333,0.044752405273658515,2.5669183253260126,0.3544988693381992,2.6114272060024173,2.181818181818182,3.3333333333333335,0.3186405599320246,0.0498695349873195,0.0247737494826152,1,11,0.0,0.0,133.5797346696586,709.8414071152695,464.50645916905745,0.0,2815.297048417283,614.1629916336727,7549.586644783676,25213.031317594847,20897.67057297243,4.7097550306716585,137635.79040564783,28411.173147168494,1.276674425132387,6.784235442637905,4.439472186379803,0.0,26.90690881931711,5.869798934850049,72.15438938811563,240.97092528921428,199.72731366276506,0.045012994010988905,1315.4397561001215,271.5368332980919,90.05975931298045,8.451447094207538,89.2426500596583,70.50843230726606,100.39792243523752,8.56801221444449,0.09600804333709065,2.019814992492946,0.8607367856568859,0.08077382686241463,0.8529273489273161,0.673877010651916,0.9595427047858033,0.08188788587920362,0.7364797288461331,-2.325200864618202,0.9463838010653227,1,0.87752176309656,98.27580628762432,77.29898044370708,0.7865514755226302,21.344852447736983,0.29771024542118296,,0.9163980710512013,-0.023659952051810436,0.09600804333709065,5.601960932378574,-0.839018886433405,-0.15247330496335465,0.05925925925925927,0.15259895088221273,0.03125,-0.2121202594334847,-0.49545029153145004,0.0,0.0,11,1,3.4583333333333335,0.0,1270.7190660869242,1290.531505132761,106.30782291721899,2646.9149377787758,2512.0109944622723,380.73115863337813,12.16374156571891,12.353392759890598,1.0176135063128162,25.337141866241243,24.045796873872888,3.644484090330276,0.23333333333333334,0.23796296296296301,0.03739411204871976,0.14583333333333334,0.13287037037037036,0.027947015319975135,1.6285714285714283,1.9178206344873014,0.6967047963945648,1.0393020847235133,0.8656560957443908,L,879885247_20201123_Hands_L_R.mp4FT,1,3,2.0
0.0,1.0,0.40913081650570676,0,3,0.5846627983749567,0.0,1.0,0.533801580333626,0,3,0.7157139029190138,1.0,1.4142135623730951,0.7834689853105591,0.0,3.605551275463989,0.8322172071478388,0.0,1.0,0.559262510974539,0,6,0.9577326258994313,1.0,1.0,0.8331870061457419,0,6,1.0544048378320476,1.0,1.4142135623730951,1.1205629662917949,0.0,7.211102550927978,1.33429199455098,0.49722865432744334,1.3592367006650063,0.008947295805739514,0,0,0.0,0.4270833333333333,0.06666666666666671,0.44375,0.325,0.6291666666666667,0.0750289296057046,2.3415191319246147,0.34714205419206356,2.3124942775569126,1.589403973509934,3.0769230769230766,0.3603362914473664,0.15953513395545027,0.050108246003250104,1,11,0.0,0.0,145.71817004302545,411.58070514869394,311.70102631529903,0.06327227798465174,1978.045205885644,391.1927933272598,5472.181106553535,10835.05892732303,12980.22579504834,4.760020695607636,119453.37472930201,19225.815612606508,1.6523096287340433,4.666945528601783,3.5344021058937334,0.0007174492660450005,22.42920796213007,4.43576541563173,62.04948586621608,122.85957329981562,147.18378674373741,0.053974243749621564,1354.4910781663223,218.00301395217392,67.15597445999524,12.738005132499048,66.5725486640586,51.16996803236888,84.82861626826954,10.246141054945024,0.15390940050454677,1.8937882323911377,0.7614868015052891,0.14443722786991697,0.7548712911678119,0.5802202351081667,0.9618782572609951,0.11618178788173107,0.32329267350488033,-1.8422911324434819,0.7697082451727332,1,0.892832061951049,69.69856933038251,57.94775555396623,0.8314052370183451,16.85947629816549,0.39678412446874733,,0.9635201282491902,-0.026432266115976155,0.15390940050454677,7.52826051480524,0.057197141146314905,-0.8520220998654957,0.08657407407407407,0.1950965049556599,0.02291666666666667,1.0958507511529783,1.39096984976302,0.0,0.0,11,1,4.029166666666667,0.0,687.6564180103173,680.2678943222584,112.46169080293542,1784.3537440730688,1746.5680316259409,197.84913469250915,7.816580095909311,7.732594858971743,1.2783503372600575,20.282722002855706,19.85321238135234,2.248948119622064,0.21666666666666667,0.24537037037037038,0.0871453227100181,0.20833333333333334,0.19305555555555556,0.04312270748961118,1.2291666666666665,1.3448243549886136,0.5461368776307461,1.0920886105799181,0.7567604595112014,R,879885247_20201123_Hands_R_L.mp4FT,1,2,1.5
1.0,2.0,1.0920162381596752,0,6,1.1472995273335025,1.0,1.0,0.8924221921515562,0,4,0.8995169085928569,1.4142135623730951,1.2360679774997898,1.5750774611402343,0.0,6.082762530298219,1.278074606242202,1.0,1.0,0.8998646820027063,0,4,1.0124996777213944,1.0,1.0,0.7983761840324763,0,4,0.8634497096593078,1.0,2.23606797749979,1.3559745947647155,0.0,5.656854249492381,1.17439127806512,1.239602750484464,1.6434177197931803,0.00464747474747475,0,0,0.0,0.5874999999999999,0.09687500000000004,0.585,0.5125,0.6875,0.05652555960703875,1.7028985507246377,0.2934714622026231,1.725199512550135,1.4545454545454546,1.9512195121951221,0.16401488267528627,0.00566723240555278,0.004298746099477663,1,11,0.0,0.0,274.8995581489828,924.7042140546341,519.163871662084,0.0,1814.0191755089802,524.6835920521726,7583.331741352858,14945.508579875737,12141.291274785184,3.1396043983363597,90866.01876121426,12615.035176244337,1.5982487335155549,5.3761721151561686,3.0183860823860185,0.0,10.54659334249961,3.0504773894154678,44.08901357664927,86.89224646402158,70.58870350258013,0.01825346241797199,528.2893154961156,73.3430207361766,147.09747444335068,16.417285834734287,148.01246767679223,129.67668684461069,164.62322991458603,11.502498289971559,0.0777130364118313,1.7201934592198254,0.8552154605683611,0.09544906681482035,0.8605351736532788,0.7539320976411638,0.9571091001013309,0.06687480128377883,0.06537674514029967,0.9300447056129051,1.112225425996315,1,1.0243884402992773,137.1657362753055,145.02518910078408,1.0572989511732278,-5.729895117322781,0.21228196705961355,,1.0724068447247728,0.006780444817109527,0.0777130364118313,9.931738168045172,-0.22733584183755529,-1.1983802302926996,0.06759259259259259,0.11554289332067111,0.054166666666666696,0.2719128897011999,-1.1667684576286093,0.0,0.0,11,1,5.220833333333333,0.0,1618.184265906517,1488.9088130430318,235.62411531114722,1586.9819027899678,1532.2501839228757,198.65893997891567,9.432668239121451,8.679099882281497,1.37349259642038,9.250784416768173,8.931744022477277,1.1580163724474795,0.2375,0.3060185185185185,0.09554326291875968,0.2833333333333333,0.2708333333333333,0.06322114820411691,1.25,1.164050899818144,0.3204898547819499,1.0462965405496076,1.0797585183907525,L,973565404_20200622_Hands_L_11_R.mp4FT,2,1,1.5
1.0,2.0,1.16189111747851,0,5,1.232735388592322,1.0,1.0,0.9512893982808023,0,3,0.6951982664791992,1.4142135623730951,1.2360679774997898,1.698376176704414,0.0,5.385164807134504,1.1719206536977478,0.0,1.0,0.8087392550143266,0,5,1.0604688173293035,1.0,2.0,1.231375358166189,0,6,1.2136596481830222,1.0,1.2360679774997898,1.6194205719640862,0.0,6.4031242374328485,1.464713391949121,1.2565375799898473,1.4708084763221119,0.007010784313725491,0,0,0.0,0.55625,0.0625,0.56,0.45,0.7083333333333334,0.07046965461971716,1.7977780271574457,0.20419052394204584,1.8133957016717648,1.4117647058823528,2.2222222222222223,0.2226957576723109,0.3638628106671188,0.046768539141893294,1,11,0.0,0.0,217.243114332245,947.764613351419,527.9995657645309,0.19976797715770545,2159.3271732899043,618.5651243096528,8512.097588783072,18784.45666641128,15034.304289917889,0.3088773048148141,108351.71155683958,17323.867338509324,1.32146374235126,5.765138180223421,3.2117578698855707,0.0012151645841995684,13.134927549475439,3.7626572725710585,51.77806610583218,114.26359118783225,91.45186521409423,0.0018788635040323243,659.0904327816186,105.3790019329759,143.98104842588663,15.617688779124109,142.10991746437827,120.15380519142887,160.45803428801605,11.556356263365288,0.08131984360811441,2.1458417525947553,0.8758194047501265,0.0950005229135833,0.8644375401031182,0.7308811492325531,0.9760469284945076,0.0702959255701687,0.03680462021443964,0.7010872874247747,1.1291121488986648,1,0.9994044980961851,140.2830957847062,131.84762736584935,0.9398682473346407,6.013175266535931,0.25118236849544484,,1.026360643244256,0.004997660505730101,0.08131984360811442,7.413226779363697,-0.3005027368368958,-0.7929548529942974,0.0810185185185185,0.14467592592592587,0.033333333333333326,0.49640970873420914,-0.13671477024931766,0.0,0.0,11,1,5.0125,0.0,1676.4020481063858,1750.6827614448066,205.0658081274346,2080.4892975956773,1937.7271352493126,253.1838616156525,10.277713493957897,10.733114923872314,1.257220859233265,12.755098308360644,11.879849674519363,1.5522238200071834,0.375,0.4046296296296297,0.05663685369226581,0.14583333333333334,0.14583333333333331,0.025534411542847548,2.7714285714285714,2.841933430752072,0.5399562793961198,0.8683987448971839,1.0163585992644435,R,973565404_20200622_Hands_R_11_L.mp4FT,2,0,1.0
